id	partner_id	acciones	ncontractes	npolizas_pagador	npolizas_titular	npolizas_socio	consumannual	maxconsumannual	polizas	tarifas	bool
1	2	86	4	1	0	3	15595	9195	50536,20671,34516,34524	3.0A,2.0DHA,3.1A,3.1A	True
4	5	7	1	1	0	0	2400	2400	4646	2.0A	True
35	39	4	1	0	0	1	2880	2880	5989	2.0A	True
38	42	4	6	1	0	5	19600	5500	55513,48675,53968,49251,1313,39957	2.0A,2.0A,2.0A,2.0A,2.0DHA,2.0A	True
54	61	10	2	2	0	0	4200	2400	21,929	2.0DHS,2.0A	True
58	66	4	1	1	0	0	1800	1800	23	2.0DHA	True
63	72	7	1	1	0	0	1800	1800	44404	2.0A	True
69	80	4	10	0	0	10	29520	4500	5348,24084,54966,56451,64538,58558,65107,48223,65103,42445	2.0A,2.0A,2.0A,2.0A,2.0DHA,2.0A,2.0A,2.0A,2.0DHA,2.0A	True
88	100	7	1	1	0	0	1800	1800	40636	2.0A	True
95	107	11	1	0	0	1	9480	9480	41317	2.0A	True
100	112	10	6	2	0	4	11980	2880	46962,47348,46976,46537,41,38754	2.0A,2.0A,2.0DHA,2.0A,2.0A,2.0A	True
101	113	1	4	2	0	2	8285	2435	49919,3634,49453,42	2.0A,2.0A,2.0A,2.0A	True
107	120	10	2	1	1	0	2187	1800	43,50851	2.0A,2.0A	True
139	154	5	1	1	0	0	1000	1000	2295	2.0A	True
142	159	2	1	1	0	0	2400	2400	53	2.0A	True
149	167	4	2	1	0	1	3600	1800	72280,58	2.0A,2.0A	True
152	170	5	1	1	0	0	1150	1150	25966	2.0A	True
155	174	7	4	2	0	2	11600	5000	13431,61,65861,69826	2.0A,2.0A,2.0A,2.0A	True
164	184	5	2	1	0	1	4380	2880	68548,2892	2.0A,2.0DHA	True
168	189	9	2	2	0	0	5700	3300	63815,64	2.0DHA,2.0DHA	True
174	195	6	1	1	0	0	1800	1800	66	2.0A	True
175	196	10	2	0	0	2	5760	2880	67,75425	2.0A,2.0A	True
195	220	2	3	1	0	2	7200	3000	35087,41801,48229	2.0A,2.0A,2.0A	True
203	230	2	4	1	0	3	15360	5280	70678,38087,49207,58147	2.0A,2.0A,2.0A,2.0A	True
224	252	13	1	1	0	0	3200	3200	34086	2.0A	True
225	253	4	2	1	0	1	2350	1800	2929,79	2.0A,2.0A	True
241	269	1	5	1	0	4	12350	3950	12830,42810,68508,62646,42806	2.0DHA,2.0A,2.0A,2.0DHA,2.0A	True
252	281	12	1	1	0	0	1370	1370	63842	2.0A	True
260	290	8	4	1	0	3	13480	7000	91,769,59804,46632	2.0DHA,2.0A,2.0A,2.0A	True
262	293	5	1	1	0	0	2500	2500	21421	2.0A	True
269	301	6	3	1	0	2	5590	2160	43232,6033,43230	2.0A,2.0A,2.0A	True
274	306	5	2	1	0	1	9120	5280	65909,98	2.0A,2.0DHA	True
311	353	4	2	1	0	1	3600	1800	50745,132	2.0A,2.0A	True
313	355	8	2	1	0	1	7680	5280	29756,1058	2.0DHA,2.0A	True
314	356	5	1	1	0	0	2880	2880	40470	2.0A	True
328	372	9	1	1	0	0	2880	2880	138	2.0A	True
332	377	30	2	0	0	2	14280	9480	41690,56301	2.1A,2.0A	True
339	385	12	2	1	0	1	4215	2880	44208,141	2.0A,2.0A	True
341	387	5	1	0	0	1	2400	2400	60448	2.0A	True
351	400	10	19	3	2	14	37520	4000	67532,49449,71624,67135,47764,3662,70765,149,46493,150,46039,68506,67718,67289,47742,26010,44944,68512,67600	2.0A,2.0A,2.0A,2.0A,2.0A,2.0A,2.0A,2.0A,2.0A,2.0A,2.0A,2.0A,2.0A,2.0A,2.0A,2.0A,2.0A,2.0A,2.0A	True
352	401	15	1	0	0	1	1800	1800	1936	2.0A	True
357	406	4	2	1	0	1	5600	3200	63681,38099	2.0A,2.0A	True
361	410	12	5	3	0	2	7690	3000	58400,155,69104,58367,56427	2.0DHA,2.0DHA,2.0DHA,2.0A,2.0A	True
363	412	10	2	2	0	0	4200	2400	156,1488	2.0A,2.0A	True
372	423	12	1	1	0	0	2400	2400	161	2.0DHA	True
373	424	12	2	2	0	0	4200	2400	51243,162	2.0A,2.0A	True
376	428	3	3	1	0	2	7680	2880	57292,13650,65145	2.0A,2.0A,2.0A	True
387	444	5	2	1	0	1	3081	2400	59154,1903	2.0A,2.0DHA	True
388	445	15	1	1	0	0	2880	2880	166	2.0DHA	True
389	446	10	1	1	0	0	2400	2400	167	2.0A	True
390	447	4	4	0	0	4	9000	3000	52400,8088,50471,37334	2.0A,2.0DHA,2.0A,2.0A	True
391	449	10	1	1	0	0	2400	2400	168	2.0A	True
398	459	10	1	1	0	0	3500	3500	1772	2.0A	True
418	486	3	5	2	0	3	11580	2880	4132,23087,175,48577,68628	2.0A,2.0A,2.0DHA,2.0A,2.0A	True
430	500	15	1	1	0	0	9480	9480	11740	2.1DHS	True
442	516	10	1	0	0	1	2400	2400	7672	2.0A	True
445	519	12	1	1	0	0	2860	2860	37439	2.0A	True
450	525	1	1	1	0	0	1800	1800	5380	2.0A	True
461	541	20	5	2	0	3	12000	3000	49648,187,53016,186,49642	2.0A,2.0DHA,2.0DHA,2.0DHA,2.0DHA	True
464	545	12	1	1	0	0	4500	4500	1522	2.0A	True
466	547	31	2	1	0	1	11300	9500	3798,36380	2.0DHA,2.0DHA	True
469	550	5	4	1	0	3	4698081	4690401	1930,192,66171,16905	2.0DHA,2.0A,2.0A,2.0A	True
471	552	6	3	2	0	1	5700	2400	42512,1629,193	2.0A,2.0DHA,2.0A	True
478	559	2	1	1	0	0	1800	1800	196	2.0A	True
480	561	10	1	1	0	0	1800	1800	197	2.0A	True
482	563	3	1	1	0	0	1800	1800	198	2.0A	True
487	569	5	1	1	0	0	3840	3840	201	2.0A	True
501	584	4	1	1	0	0	2880	2880	106	2.0A	True
505	590	8	2	1	0	1	4200	2400	107,60731	2.0A,2.0A	True
512	597	4	2	1	0	1	16800	14400	57099,111	3.0A,2.0DHA	True
520	609	2	2	1	0	1	4680	2880	114,1112	2.0A,2.0A	True
523	613	12	2	1	0	1	5600	3200	58204,116	2.0A,2.0A	True
525	615	13	1	0	0	1	5000	5000	14587	2.0DHA	True
532	623	10	1	1	0	0	2400	2400	204	2.0A	True
537	629	50	0	0	0	0	None	None	None	None	True
544	637	8	1	1	0	0	1800	1800	210	2.0A	True
545	638	15	2	2	0	0	2517	2400	30484,211	2.0A,2.0A	True
553	647	3	1	1	0	0	1800	1800	214	2.0A	True
555	649	10	1	0	0	1	2880	2880	216	2.0A	True
557	651	4	1	1	0	0	2400	2400	217	2.0A	True
559	653	7	2	2	0	0	1800	1500	48114,48122	2.0A,2.0A	True
562	657	5	3	1	0	2	6600	2400	218,16443,13084	2.0A,2.0A,2.0A	True
573	669	1	1	1	0	0	2400	2400	14067	2.0DHA	True
585	684	11	4	0	0	4	7308	2880	1882,25341,8018,1883	2.0A,2.0A,2.0A,2.0A	True
595	695	7	1	1	0	0	672	672	34945	2.0A	True
596	696	25	2	2	0	0	4500	3000	3592,3594	2.0DHA,2.0DHA	True
602	706	1	3	3	0	0	5340	2400	730,64271,8734	2.0A,2.0A,2.0A	True
604	708	6	1	1	0	0	2880	2880	231	2.0A	True
621	726	10	1	1	0	0	2880	2880	242	2.0A	True
627	732	6	1	1	0	0	2880	2880	244	2.0A	True
636	741	6	1	1	0	0	1800	1800	250	2.0A	True
640	745	14	2	2	0	0	2702	2700	2814,15506	2.0A,2.0A	True
642	747	2	2	0	1	1	4768	2500	39841,5350	2.0A,2.0A	True
646	751	12	2	1	0	1	6100	3700	7908,257	2.0A,2.0A	True
659	765	3	3	1	0	2	4481	2356	21475,21471,264	2.0A,2.0A,2.0A	True
668	776	10	1	1	0	0	2400	2400	49882	2.0A	True
673	783	15	1	1	0	0	3500	3500	2383	2.0A	True
696	809	9	1	1	0	0	2880	2880	276	2.0A	True
699	812	8	2	1	0	1	7080	5280	732,39023	2.0A,2.0A	True
702	815	10	2	1	0	1	5280	2880	278,279	2.0DHA,2.0DHA	True
708	821	10	1	1	0	0	3840	3840	1068	2.0DHA	True
712	825	9	1	1	0	0	1800	1800	284	2.0A	True
713	826	12	5	1	0	4	54280	42000	21586,21722,1446,31767,40428	2.0DHA,2.0DHA,2.0DHA,2.0A,2.0A	True
735	852	5	5	1	0	4	8100	2400	2677,68616,288,45291,16538	2.0A,2.0A,2.0DHA,2.0A,2.0DHA	True
752	869	8	1	1	0	0	2400	2400	41662	2.0A	True
756	873	5	1	0	0	1	2880	2880	67231	2.0A	True
757	874	10	4	1	0	3	8154	2400	48571,48328,297,48573	2.0A,2.0A,2.0A,2.0A	True
777	897	1	1	1	0	0	360	360	59814	2.0DHA	True
778	898	20	4	3	0	1	10280	5280	32569,24053,309,2220	2.0A,2.0A,2.0A,2.0A	True
784	905	10	1	0	0	1	2880	2880	311	2.0A	True
799	921	12	1	1	0	0	2400	2400	318	2.0A	True
807	930	10	1	1	0	0	3840	3840	2237	2.0A	True
815	939	7	2	1	0	1	4000	2400	60245,326	2.0A,2.0A	True
835	960	11	1	1	0	0	2400	2400	13441	2.0A	True
838	963	4	1	1	0	0	1800	1800	58449	2.0DHA	True
852	979	5	3	0	0	3	9600	3840	11889,1336,17781	2.0DHA,2.0A,2.0A	True
858	987	6	1	1	0	0	3800	3800	21449	2.0DHA	True
862	992	10	2	1	0	1	3800	2000	29620,2402	2.0A,2.0A	True
868	999	5	1	1	0	0	2400	2400	346	2.0A	True
871	1003	2	1	1	0	0	2400	2400	348	2.0A	True
876	1011	1	0	0	0	0	None	None	None	None	True
877	1012	30	1	1	0	0	2880	2880	349	2.0A	True
887	1023	42	4	4	0	0	13224	7900	42961,20427,352,64159	2.0A,2.0DHA,2.0DHA,2.0DHS	True
888	1024	15	2	1	0	1	2300	1800	353,59513	2.0A,2.0A	True
904	1043	16	1	1	0	0	2600	2600	2310	2.0A	True
934	1078	7	1	1	0	0	1900	1900	50693	2.0A	True
938	1082	12	3	3	0	0	5279	2880	64079,367,56854	2.0A,2.0A,2.0A	True
939	1083	7	4	1	0	3	64686	57606	63355,74040,26888,44989	2.0A,2.0A,2.0A,2.0A	True
942	1086	10	2	1	0	1	18240	14400	55802,368	3.0A,2.0A	True
948	1092	4	1	1	0	0	1128	1128	3321	2.0A	True
961	1108	1	3	1	0	2	20422	18014	8086,376,52528	2.0DHA,2.0A,3.0A	True
964	1111	5	3	1	0	2	18541	12441	38101,61409,2179	2.0A,2.0A,2.0A	True
971	1118	6	2	1	0	1	3900	2400	26622,6311	2.0A,2.0A	True
1003	1155	20	1	1	0	0	2400	2400	827	2.0DHA	True
1015	1169	20	1	0	0	1	2400	2400	1614	2.0A	True
1016	1170	11	2	1	0	1	6400	4000	61753,7692	2.0A,2.0A	True
1025	1180	12	2	1	0	1	1815	1800	11087,724	2.0A,2.0A	True
1027	1183	20	6	2	0	4	12840	3840	30260,22304,28873,1587,24979,22302	2.0A,2.0A,2.0DHA,2.0A,2.0A,2.0A	True
1032	1190	16	1	1	0	0	2400	2400	412	2.0A	True
1045	1205	6	3	1	0	2	8000	4000	31588,13372,417	2.1A,2.0A,2.0A	True
1051	1213	10	3	2	1	0	6300	2400	422,23063,57620	2.0A,2.0A,2.0A	True
1052	1215	15	2	1	0	1	4200	2400	30741,423	2.0A,2.0A	True
1061	1224	18	1	1	0	0	3000	3000	3146	2.0A	True
1073	1237	7	5	1	0	4	14163	3240	1652,55236,58066,65212,29958	2.0A,2.0A,2.0A,2.0A,2.0A	True
1078	1244	7	2	1	0	1	3400	2400	34876,435	2.0DHA,2.0A	True
1080	1246	20	4	4	0	0	10280	2880	436,1169,61691,78	2.0A,2.0A,2.0A,2.0DHA	True
1095	1263	20	1	0	0	1	3840	3840	442	2.0DHA	True
1097	1267	6	2	1	0	1	5280	2880	71439,37918	2.0A,2.0A	True
1117	1291	7	3	1	0	2	19200	14400	453,58359,59044	2.0DHA,3.0A,2.0A	True
1150	1332	17	1	1	0	0	3500	3500	4196	2.0A	True
1161	1343	9	4	2	0	2	10440	3840	29456,35754,1621,3618	2.0A,2.0A,2.0A,2.0A	True
1166	1350	10	2	1	0	1	4800	3000	42371,29921	2.0A,2.0A	True
1187	1374	13	2	1	0	1	17800	16000	487,19906	2.0A,2.0DHA	True
1190	1377	20	3	0	0	3	6932	2880	1850,57277,62034	2.0DHA,2.0A,3.1A	True
1196	1384	12	1	0	0	1	4120	4120	3149	2.0A	True
1217	1414	6	1	1	0	0	2400	2400	510	2.0A	True
1229	1432	8	2	1	1	0	3900	2400	32453,516	2.0DHA,2.0A	True
1232	1435	10	1	1	0	0	2400	2400	519	2.0A	True
1234	1438	5	1	1	0	0	2040	2040	2156	2.0DHA	True
1236	1441	5	1	1	0	0	1800	1800	1231	2.0A	True
1237	1442	15	1	1	0	0	1800	1800	865	2.0A	True
1239	1444	8	1	0	0	1	2400	2400	523	2.0A	True
1242	1447	4	3	3	0	0	8760	5280	524,4590,45858	2.0A,2.0A,2.0A	True
1244	1450	3	1	1	0	0	9480	9480	525	2.0A	True
1253	1460	10	3	2	0	1	2054	1800	718,11128,11419	2.0DHA,2.0DHA,2.0A	True
1277	1487	3	1	1	0	0	1800	1800	539	2.0A	True
1278	1488	18	2	1	0	1	2092	1803	39043,55331	2.0A,2.0A	True
1287	1497	8	3	2	0	1	5600	3000	1740,8594,546	2.0A,2.0A,2.0A	True
1293	1505	1	3	1	0	2	6680	2880	50843,550,19863	2.0A,2.0DHA,2.0A	True
1297	1510	2	1	1	0	0	1200	1200	13331	2.0A	True
1302	1517	1	4	2	0	2	328	200	4156,54187,58290,54213	2.0A,2.0A,2.0A,2.0A	True
1303	1518	12	3	1	0	2	7080	2880	19051,554,19025	2.0A,2.0A,2.0A	True
1315	1533	13	2	2	0	0	5280	2880	64416,560	2.0A,2.0A	True
1327	1547	12	2	1	0	1	3400	2400	568,12882	2.0A,2.0A	True
1334	1557	6	1	1	0	0	2400	2400	1193	2.0DHA	True
1346	1575	12	2	2	0	0	4860	4000	20395,1576	2.0A,2.0A	True
1351	1580	30	3	3	0	0	7170	3200	1635,1693,2514	2.0A,2.0A,2.0A	True
1357	1588	5	2	2	0	0	10280	5280	2093,54580	2.0A,2.0A	True
1363	1595	10	2	1	0	1	5700	3200	55559,3565	2.0A,2.0A	True
1379	1617	6	3	2	0	1	13080	6000	27889,23709,25233	2.1A,2.0A,2.0A	True
1383	1621	5	4	1	0	3	3807	1691	36697,2564,23544,15369	2.0A,2.0A,2.0A,2.0A	True
1388	1629	15	2	2	0	0	5280	2880	1133,592	2.0A,2.0A	True
1389	1630	2	2	2	0	0	4800	2400	63048,593	2.0A,2.0A	True
1441	1692	12	1	1	0	0	2400	2400	2174	2.0A	True
1442	1693	4	1	0	0	1	1800	1800	1244	2.0DHA	True
1445	1698	18	3	2	0	1	6600	2400	2883,1153,43776	2.0A,2.0A,2.0A	True
1469	1730	3	6	1	0	5	59951	51165	50702,50705,626,46489,46491,39364	3.0A,3.0A,2.0A,2.0A,2.0A,2.0A	True
1471	1732	7	2	1	0	1	4782	2692	1328,42726	2.0A,2.0A	True
1476	1739	20	1	1	0	0	7500	7500	2578	2.0DHA	True
1491	1756	12	1	1	0	0	2880	2880	632	2.0A	True
1505	1772	2	3	2	0	1	16560	9480	46339,21445,3804	2.0A,2.1A,2.0DHA	True
1526	1796	5	1	1	0	0	2400	2400	643	2.0A	True
1549	1823	25	1	1	0	0	2880	2880	780	2.0DHA	True
1561	1838	2	1	1	0	0	1000	1000	1957	2.0A	True
1563	1840	4	5	1	0	4	11168	4415	35003,19566,651,36340,17839	2.0A,2.0A,2.0DHA,2.0A,2.0A	True
1568	1846	11	4	0	0	4	20880	14400	55998,55996,655,67731	2.0A,3.0A,2.0A,2.0A	True
1598	1885	5	1	1	0	0	2400	2400	44578	2.0A	True
1608	1898	10	1	1	0	0	7300	7300	1408	2.0A	True
1623	1915	12	1	0	0	1	2400	2400	679	2.0A	True
1625	1917	7	1	1	0	0	2040	2040	2022	2.0A	True
1638	1931	4	1	1	0	0	1800	1800	46059	2.0A	True
1646	1939	6	1	1	0	0	3500	3500	12970	2.0DHA	True
1666	1960	7	1	1	0	0	1800	1800	838	2.0A	True
1682	1977	5	5	1	0	4	8652	2760	48138,1465,28905,29575,6338	2.1A,2.0A,2.0A,2.0A,2.0A	True
1684	1979	5	3	1	0	2	10393	5000	1069,56118,1807	2.0A,2.0A,2.0A	True
1707	2002	17	3	1	0	2	10560	5280	11931,1492,1498	2.0A,2.0A,2.0A	True
1726	2022	7	2	1	1	0	3600	1800	38643,4481	2.0A,2.0A	True
1734	2031	15	1	1	0	0	5280	5280	745	2.0A	True
1735	2032	10	3	1	0	2	5400	1800	1107,725,4909	2.0A,2.0A,2.0A	True
1739	2037	25	1	1	0	0	5500	5500	1289	2.0A	True
1759	2057	13	2	1	0	1	3600	1800	74677,836	2.0DHA,2.0DHA	True
1761	2059	15	2	1	1	0	4680	2880	748,58746	2.0A,2.0A	True
1788	2087	7	1	1	0	0	2400	2400	853	2.0A	True
1792	2091	14	1	1	0	0	1800	1800	1569	2.0A	True
1805	2131	15	1	1	0	0	2880	2880	142	2.0A	True
1830	2554	6	1	1	0	0	1800	1800	1055	2.0A	True
1851	2577	9	2	1	0	1	4200	2400	881,7036	2.0A,2.0A	True
1855	2581	5	1	1	0	0	2600	2600	2106	2.0A	True
1860	2586	4	4	1	0	3	7600	2200	8691,25188,917,1463	2.0A,2.0A,2.0A,2.0A	True
1868	2594	16	2	1	0	1	6720	3840	1079,771	2.0A,2.0DHA	True
1878	2604	5	2	1	0	1	5280	2880	71521,905	2.0A,2.0A	True
1879	2605	14	1	1	0	0	2880	2880	908	2.0A	True
1882	2609	12	2	2	0	0	3600	1800	1316,961	2.0DHA,2.0DHA	True
1895	2622	11	2	1	0	1	5700	3500	22797,35880	2.0A,2.0DHA	True
1901	2629	10	1	1	0	0	3500	3500	3200	2.0A	True
1904	2632	10	2	2	0	0	3600	1800	1021,812	2.0A,2.0A	True
1908	2637	11	3	1	0	2	7080	2880	2727,43641,43637	2.0A,2.0A,2.0A	True
1910	2639	10	0	0	0	0	None	None	None	None	True
1913	2643	13	2	1	0	1	3600	1800	13221,10231	2.0A,2.0A	True
1914	2644	3	1	1	0	0	2175	2175	1612	2.0A	True
1917	2647	7	2	2	0	0	3600	1800	53797,944	2.0A,2.0A	True
1926	2657	9	2	2	0	0	5280	2880	1120,1060	2.0A,2.0A	True
1932	2663	11	2	2	0	0	3600	1800	956,20983	2.0DHA,2.0A	True
1939	2671	10	1	1	0	0	1800	1800	54340	2.0A	True
1940	2672	11	4	1	0	3	11930	4000	59980,47784,3600,17388	2.0A,2.0DHA,2.0DHA,2.0A	True
1943	2675	8	7	2	0	5	15182	3634	30195,12719,54648,54646,822,1022,11568	2.0A,2.0A,2.0A,2.0A,2.0A,2.0A,2.0A	True
1947	2679	5	1	1	0	0	3	3	12807	2.0A	True
1948	2680	10	2	2	0	0	3200	2500	1712,1711	2.0A,2.0A	True
1949	2681	2	2	1	0	1	4000	2200	9078,1113	2.0A,2.0A	True
1950	2682	6	1	1	0	0	2400	2400	957	2.0A	True
1964	2698	2	1	1	0	0	2400	2400	813	2.0A	True
1973	2707	14	1	1	0	0	2400	2400	1001	2.0DHA	True
1985	2721	10	4	1	0	3	7431	2400	42254,34006,26975,12174	2.0A,2.0A,2.0A,2.0DHA	True
1999	2736	10	6	2	0	4	8900	2400	818,35220,3997,43421,62731,55407	2.0DHA,2.0DHA,2.0A,2.0A,2.0DHA,2.0A	True
2016	2756	3	1	1	0	0	2400	2400	995	2.0A	True
2024	2764	5	1	1	0	0	1800	1800	28899	2.0DHA	True
2032	2774	15	2	2	0	0	4680	2880	25757,44457	2.0A,2.0A	True
2033	2775	12	1	1	0	0	2880	2880	1007	2.0A	True
2049	2794	5	1	1	0	0	1800	1800	1042	2.0A	True
2051	2796	6	5	2	0	3	12799	4624	40398,51171,1061,56169,64523	2.0A,2.0A,2.0A,2.0A,2.0A	True
2052	2797	10	2	1	0	1	5579	4079	68672,1556	2.0A,2.0A	True
2053	2798	7	2	1	0	1	6500	5000	2127,25380	2.0A,2.0A	True
2058	2804	8	2	2	0	0	3600	1800	1427,1032	2.0A,2.0A	True
2109	2857	10	2	2	0	0	2252	1800	3650,17721	2.0A,2.0A	True
2122	2870	11	1	1	0	0	2880	2880	1130	2.0A	True
2129	2877	10	1	1	0	0	1400	1400	14541	2.0DHA	True
2134	2884	10	2	2	0	0	9780	5280	1290,62112	2.0A,2.0A	True
2136	2886	8	1	0	0	1	1800	1800	1144	2.0DHA	True
2138	2888	9	1	1	0	0	2400	2400	1141	2.0A	True
2154	2905	3	4	1	0	3	11520	3840	72397,67572,68018,5727	2.0A,2.0A,2.0A,2.0A	True
2198	2951	7	5	1	0	4	13000	4000	63962,1209,68199,72740,4240	2.0A,2.0A,2.0A,2.0A,2.0A	True
2205	2959	2	1	1	0	0	3840	3840	1219	2.0DHA	True
2220	2974	16	10	2	0	8	73388	42424	31419,36978,32831,19324,19352,19355,51927,6574,70480,70476	2.0A,2.0A,2.0A,2.0A,2.0A,2.0A,2.0A,2.0A,3.1A,3.1A	True
2225	2980	5	1	1	0	0	1800	1800	1235	2.0A	True
2229	2984	10	1	1	0	0	1800	1800	1242	2.0A	True
2240	2998	3	3	1	0	2	7400	2900	1272,45639,64346	2.0A,2.0A,2.0A	True
2257	3017	9	1	1	0	0	2400	2400	1234	2.0A	True
2264	3024	4	4	1	0	3	9480	2880	1098,23805,23562,23566	2.0A,2.0A,2.0DHA,2.0A	True
2302	3147	5	3	1	0	2	4354	2400	907,8650,824	2.0A,2.0A,2.0A	True
2304	3217	20	1	1	0	0	1800	1800	1023	2.0A	True
2309	3282	4	1	1	0	0	2400	2400	1110	2.0A	True
2310	3298	10	1	1	0	0	1800	1800	1125	2.0A	True
2320	3389	13	1	1	0	0	2400	2400	1276	2.0A	True
2331	3403	6	2	1	0	1	3200	1800	25550,1502	2.0A,2.0A	True
2353	3431	2	3	1	0	2	6700	3500	1688,45629,46087	2.0A,2.0DHA,2.0A	True
2357	3435	3	2	1	0	1	5640	3840	1366,69024	2.0A,2.0A	True
2365	3444	9	3	1	0	2	7931	3431	62918,43944,1306	2.0A,2.0A,2.0DHA	True
2369	3450	7	1	1	0	0	3500	3500	1315	2.0DHS	True
2375	3457	22	1	1	0	0	15009820	15009820	1388	2.0A	True
2381	3464	17	3	3	0	0	2212	1600	1530,41938,43433	2.0A,2.0A,2.0A	True
2382	3466	10	2	2	0	0	3981	2070	17210,1755	2.0A,2.0DHA	True
2384	3468	5	1	1	0	0	3500	3500	12282	2.0A	True
2398	3483	5	1	1	0	0	2400	2400	1341	2.0A	True
2419	3510	5	3	1	0	2	8720	3840	39829,1371,70783	2.0A,2.0A,2.0A	True
2423	3516	15	2	2	0	0	820	800	1376,11822	2.0A,2.0A	True
2446	3545	9	1	1	0	0	1000	1000	1539	2.0A	True
2470	3574	10	1	0	0	1	2400	2400	1419	2.0A	True
2499	3612	10	1	0	0	1	9336	9336	1453	2.1A	True
2504	3622	75	2	1	0	1	134400	120000	1460,64426	3.0A,3.0A	True
2507	3625	10	2	1	0	1	5544	3144	53066,1467	2.0A,2.0DHA	True
2514	3634	2	1	1	0	0	1800	1800	1487	2.0A	True
2520	3640	13	1	1	0	0	2000	2000	1689	2.0A	True
2524	3644	5	1	1	0	0	1800	1800	1490	2.0DHA	True
2535	3657	20	1	1	0	0	2400	2400	1541	2.0A	True
2540	3664	5	2	1	0	1	4200	2400	40352,1506	2.0A,2.0DHA	True
2562	3692	10	3	1	0	2	4600	2400	46431,1524,57984	2.0A,2.0A,2.0A	True
2572	3705	5	3	3	0	0	5513	3213	64457,1529,1852	2.0A,2.0A,2.0A	True
2579	3714	10	4	1	0	3	10252	3487	2055,31918,32093,9195	2.0DHA,2.0A,2.0A,2.0A	True
2585	3720	13	1	0	0	1	1500	1500	1994	2.0DHA	True
2586	3721	2	2	1	0	1	3600	2400	43808,28582	2.0A,2.0A	True
2590	3726	17	3	1	0	2	6135	2880	48601,1558,71053	2.0A,2.0DHA,2.0A	True
2593	3729	6	1	1	0	0	2400	2400	1552	2.0DHA	True
2605	3743	10	4	2	1	1	6998	4222	56149,30207,56153,1579	2.0A,2.0A,2.0DHA,2.0DHA	True
2625	3768	5	1	1	0	0	1000	1000	1599	2.0A	True
2627	3770	6	1	1	0	0	2155	2155	1615	2.0A	True
2629	3773	1	1	1	0	0	1800	1800	1619	2.0A	True
2632	3776	8	1	1	0	0	1800	1800	3242	2.0A	True
2644	3792	20	3	1	0	2	5400	1800	72247,3231,46914	2.0DHA,2.0A,2.0A	True
2656	3808	5	1	1	0	0	1400	1400	25459	2.0A	True
2665	3818	17	3	2	0	1	6480	2880	5134,1650,75591	2.0A,2.0A,2.0A	True
2672	3827	15	2	2	0	0	2703	1800	67644,1654	2.0A,2.0DHA	True
2683	3840	13	1	1	0	0	4200	4200	3826	2.0A	True
2698	3857	9	5	1	0	4	20625	11000	36311,72487,36479,1825,66603	2.0A,2.0A,2.0DHA,2.0A,2.0A	True
2733	3901	7	1	1	0	0	2200	2200	5784	2.0A	True
2739	3908	7	3	1	0	2	5869	2165	35025,1717,29980	2.0A,2.0A,2.0A	True
2751	3921	2	1	1	0	0	2800	2800	1851	2.0A	True
2758	3928	16	1	1	0	0	2400	2400	2802	2.0DHA	True
2765	3936	8	1	1	0	0	1800	1800	1828	2.0A	True
2776	3948	10	1	1	0	0	2500	2500	1767	2.0DHA	True
2782	3954	5	1	1	0	0	2500	2500	9262	2.0A	True
2785	3959	30	1	1	0	0	2880	2880	1782	2.0DHA	True
2789	3963	10	2	2	0	0	5280	2880	6970,1788	2.0A,2.0DHA	True
2790	3964	3	1	1	0	0	2640	2640	4275	2.0DHA	True
2791	3965	3	1	1	0	0	1800	1800	1790	2.0A	True
2794	3969	5	1	1	0	0	1800	1800	1792	2.0DHA	True
2807	3989	6	1	1	0	0	1503	1503	37950	2.0A	True
2838	4031	10	1	0	0	1	2400	2400	1938	2.0A	True
2839	4032	9	2	1	0	1	4500	2700	1944,45257	2.0DHA,2.0A	True
2859	4063	70	2	2	0	0	8000	6000	2726,2725	2.0A,2.0A	True
2863	4069	11	1	1	0	0	4635	4635	1884	2.0DHA	True
2900	4114	11	1	1	0	0	2550	2550	2052	2.0A	True
2902	4116	9	2	1	0	1	4046	2246	64177,58143	2.0A,2.0A	True
2907	4121	20	4	1	1	2	10000	3000	35744,29052,1929,41706	2.0A,2.0A,2.0A,2.0A	True
2909	4123	3	4	1	0	3	6874	2880	49002,23739,63616,3172	2.0A,2.0A,2.0A,2.0A	True
2911	4126	3	1	1	0	0	2400	2400	40903	2.0A	True
2913	4131	7	1	1	0	0	2500	2500	1942	2.0A	True
2919	4138	3	1	1	0	0	2600	2600	1946	2.0A	True
2935	4160	2	3	1	0	2	6600	2400	1964,47028,63164	2.0A,2.0A,2.0DHA	True
2944	4172	6	1	1	0	0	1200	1200	2114	2.0DHA	True
2947	4175	11	1	1	0	0	2750	2750	2074	2.0A	True
2950	4179	8	7	1	0	6	20000	3600	12497,51464,69905,38450,52290,4700,19554	2.0A,2.0A,2.0A,3.0A,2.0DHA,2.0A,2.0DHA	True
2960	4190	6	1	0	0	1	3000	3000	68025	2.0A	True
2967	4198	6	1	1	0	0	1500	1500	26256	2.0A	True
2974	4207	6	5	2	0	3	12360	2880	3987,3988,3995,2005,2004	2.0A,2.0A,2.0A,2.0A,2.0A	True
2990	4226	3	1	1	0	0	1000	1000	39645	2.0DHA	True
2993	4229	8	2	1	0	1	2540	2400	2038,49562	2.0A,2.0A	True
2994	4230	8	1	1	0	0	2400	2400	2165	2.0A	True
3018	4257	15	2	1	0	1	6500	3500	37187,2046	2.0DHA,2.0DHA	True
3029	4271	6	2	1	0	1	6380	3500	40533,31597	2.0A,2.0A	True
3034	4277	6	1	1	0	0	1800	1800	2072	2.0A	True
3044	4287	10	1	1	0	0	2880	2880	3443	2.0A	True
3065	4316	5	1	1	0	0	2880	2880	2120	2.0A	True
3066	4319	4	2	2	0	0	2956	1800	2100,2551	2.0A,2.0A	True
3067	4320	8	2	1	1	0	3400	1900	22502,22309	2.0A,2.0A	True
3072	4328	53	4	0	0	4	9360	3840	39093,39421,39794,2110	2.0A,2.0A,2.0A,2.0A	True
3075	4332	6	2	1	0	1	4300	2500	62322,2161	2.0A,2.0A	True
3078	4335	13	1	0	0	1	2880	2880	2109	2.0A	True
3093	4353	17	1	1	0	0	4432	4432	2130	2.0A	True
3099	4359	14	1	1	0	0	3307	3307	47828	2.0DHA	True
3101	4362	3	1	1	0	0	1800	1800	37887	2.0A	True
3102	4364	20	3	3	0	0	7090	7000	65453,2347,65457	2.0A,2.0A,2.0A	True
3106	4369	10	1	1	0	0	2400	2400	2141	2.0A	True
3112	4376	23	3	3	0	0	6000	2400	37792,2146,2144	2.0A,2.0A,2.0A	True
3130	4396	15	2	1	0	1	6720	3840	3503,51467	2.0A,2.0A	True
3136	4403	5	6	1	0	5	20638	6000	46148,40059,23175,3214,45667,47108	2.0A,2.0DHA,2.0DHA,2.0DHA,2.0A,2.0A	True
3138	4405	15	2	1	0	1	5200	3400	40805,2187	2.0A,2.0A	True
3140	4407	6	2	1	0	1	4080	2880	40799,2195	2.0A,2.0A	True
3148	4415	11	1	1	0	0	1600	1600	2357	2.0A	True
3164	4433	7	1	1	0	0	2880	2880	9146	2.0DHA	True
3167	4436	6	0	0	0	0	None	None	None	None	True
3180	4449	5	1	1	0	0	1500	1500	55216	2.0A	True
3187	4458	9	1	1	0	0	1800	1800	4736	2.0A	True
3190	4462	5	3	1	0	2	10514	8105	2494,2390,21487	2.0DHA,2.0A,2.0DHA	True
3210	4485	1	4	2	0	2	6757	3288	6346,65590,2250,33002	2.0A,2.0A,2.0A,2.0A	True
3246	4533	10	1	1	0	0	3840	3840	2270	2.0A	True
3267	4556	4	1	1	0	0	85	85	35156	2.0A	True
3273	4565	10	4	2	0	2	9000	2400	16052,2302,16091,16067	2.0A,2.0A,2.0A,2.0A	True
3274	4566	27	2	2	0	0	6000	4800	2299,2298	2.0A,2.0DHA	True
3277	4570	9	1	1	0	0	7	7	2301	2.0A	True
3286	4583	15	3	3	0	0	4200	2500	2349,2429,31562	2.0A,2.0A,2.0A	True
3299	4602	10	3	2	0	1	5900	3000	17087,2338,2561	2.0A,2.0A,2.0A	True
3311	4618	5	2	2	0	0	2700	1800	3203,2413	2.0A,2.0DHA	True
3312	4619	10	1	1	0	0	2600	2600	2362	2.0A	True
3320	4629	4	3	1	0	2	10197	7582	16146,58494,2587	2.0A,2.0A,2.0A	True
3328	4640	2	2	1	0	1	5760	2880	2377,59832	2.0A,2.0A	True
3331	4643	14	1	1	0	0	2400	2400	2379	2.0A	True
3337	4650	6	1	1	0	0	1980	1980	2385	2.0A	True
3344	4658	5	1	1	0	0	2400	2400	17213	2.0A	True
3350	4665	8	1	1	0	0	1200	1200	2609	2.0A	True
3366	4685	7	4	1	0	3	9823	3223	54845,5711,42468,42464	2.0A,2.0A,2.0A,2.0A	True
3374	4695	10	1	1	0	0	2400	2400	2411	2.0A	True
3380	4702	3	2	1	0	1	4017	2217	45385,4318	2.0A,2.0A	True
3384	4706	10	1	1	0	0	2700	2700	3309	2.0A	True
3393	4719	12	1	0	0	1	5125	5125	47661	2.1A	True
3397	4723	10	3	0	0	3	7219	3705	2543,27169,61177	2.0A,2.0A,2.0DHA	True
3398	4724	1	0	0	0	0	None	None	None	None	True
3403	4731	12	1	1	0	0	1900	1900	56666	2.0A	True
3405	4734	3	1	1	0	0	2000	2000	2455	2.0A	True
3406	4735	23	1	1	0	0	3900	3900	2453	2.0DHA	True
3413	4742	4	1	1	0	0	1500	1500	22736	2.0DHA	True
3418	4749	9	2	2	0	0	3000	1800	2487,2488	2.0A,2.0A	True
3436	4769	11	3	1	1	1	5400	1800	17042,38496,2655	2.0A,2.0A,2.0A	True
3444	4780	4	1	1	0	0	1800	1800	3249	2.0A	True
3450	4790	7	1	1	0	0	2700	2700	2531	2.0A	True
3452	4792	1	4	1	0	3	5866	1973	67767,55348,67743,2525	2.0A,2.0A,2.0A,2.0A	True
3461	4802	10	2	2	0	0	4393	2593	39055,2527	2.0A,2.0A	True
3468	4809	3	1	1	0	0	1800	1800	2522	2.0A	True
3521	4869	3	1	1	0	0	2400	2400	2565	2.0DHA	True
3524	4873	3	1	1	0	0	3000	3000	2568	2.0DHA	True
3544	4898	4	1	1	0	0	1800	1800	2721	2.0A	True
3546	4900	20	2	1	0	1	12800	8000	52656,2715	2.1A,2.0A	True
3548	4903	7	1	1	0	0	2500	2500	2589	2.0A	True
3552	4907	7	1	1	0	0	4800	4800	2591	2.0A	True
3553	4908	5	1	1	0	0	2500	2500	2781	2.0A	True
3571	4929	4	1	1	0	0	2300	2300	2671	2.0A	True
3576	4935	2	3	1	0	2	20867	16579	70652,3701,52096	2.1A,2.0A,2.0A	True
3596	4959	8	2	1	0	1	6500	4300	9623,3506	2.0A,2.0A	True
3599	4962	7	1	1	0	0	1500	1500	2859	2.0A	True
3619	4988	3	6	1	0	5	9553	2880	71604,41818,7772,31662,7993,2729	2.0A,2.0A,2.0A,2.0A,2.0A,2.0A	True
3640	5013	15	3	3	0	0	8400	4200	2693,6199,10440	2.0A,2.0A,2.0A	True
3646	5022	4	2	1	0	1	1454	1250	29011,2712	2.0A,2.0DHA	True
3654	5033	1	1	1	0	0	3000	3000	2696	2.0A	True
3660	5043	18	2	2	0	0	6900	6500	2714,5376	2.0DHA,2.0A	True
3673	5057	20	2	1	0	1	22000	12000	2800,22650	2.0A,2.0A	True
3689	5090	10	2	1	0	1	7880	5000	33360,32513	2.0A,2.0A	True
3701	5111	7	1	1	0	0	3000	3000	28500	2.0A	True
3719	5134	7	1	1	0	0	5280	5280	2804	2.0A	True
3726	5141	3	3	1	0	2	8161	6000	2832,2806,16022	2.0DHA,2.0DHA,2.0DHA	True
3758	5179	12	1	1	0	0	2880	2880	2837	2.0A	True
3759	5180	16	1	1	0	0	1800	1800	3349	2.0A	True
3761	5182	10	4	1	0	3	21350	10450	66601,45481,15179,2843	2.0DHA,2.0DHA,3.0A,2.0DHA	True
3778	5203	1	2	2	0	0	3223	2011	52700,52702	2.0A,2.0A	True
3786	5211	20	1	1	0	0	6800	6800	3404	2.0A	True
3792	5217	15	1	1	0	0	2400	2400	2959	2.0A	True
3794	5219	3	2	1	0	1	2600	1800	63149,2884	2.0A,2.0A	True
3805	5231	4	1	1	0	0	2880	2880	51235	2.0A	True
3813	5239	7	1	1	0	0	2400	2400	6126	2.0A	True
3819	5246	2	5	1	0	4	28518	10500	20222,34778,34174,3803,34461	2.0A,2.0A,2.0A,2.1A,2.0A	True
3821	5248	6	4	1	0	3	7050	2400	74623,3202,33197,37932	2.0A,2.0A,2.0A,2.0A	True
3822	5249	12	7	2	0	5	18050	3750	68510,64362,42114,68498,2912,40922,42112	2.0A,2.0A,2.0A,2.0A,2.0DHA,3.0A,2.0A	True
3842	5277	6	1	1	0	0	1500	1500	2922	2.0A	True
3852	5289	12	3	1	0	2	8050	3600	2933,4129,16368	2.0A,2.0A,2.0A	True
3853	5290	20	3	3	0	0	9200	4800	2934,62514,58455	2.0DHA,2.0A,2.0A	True
3857	5299	6	1	1	0	0	3600	3600	2944	2.0A	True
3863	5305	14	2	1	0	1	12000	8000	2952,58940	2.0A,2.1DHA	True
3867	5309	30	3	3	0	0	7541	6241	4920,12627,29273	2.0A,2.0A,2.0A	True
3872	5317	8	1	1	0	0	3500	3500	2970	2.0A	True
3878	5323	7	2	2	0	0	3270	2400	3004,57964	2.0A,2.0A	True
3885	5332	18	2	1	0	1	6626	4000	19601,2993	2.0A,2.0A	True
3892	5343	20	2	2	0	0	6720	3840	3007,3006	2.0A,2.0A	True
3913	5376	10	1	1	0	0	940	940	73562	2.0A	True
3916	5379	6	1	1	0	0	1587	1587	45647	2.0A	True
3918	5383	4	1	1	0	0	2000	2000	3068	2.0A	True
3923	5395	2	3	1	0	2	5360	2200	19765,19403,3108	2.0A,2.0A,2.0A	True
3925	5399	5	1	1	0	0	2400	2400	3480	2.0A	True
3942	5420	8	1	1	0	0	1500	1500	7551	2.0A	True
3954	5434	4	1	1	0	0	3000	3000	3131	2.0A	True
3969	5450	2	1	1	0	0	2400	2400	3763	2.0A	True
3995	5480	12	2	1	0	1	8984	5400	3170,67682	2.0DHA,2.0A	True
4021	5509	3	3	1	0	2	6900	3000	24917,57742,3209	2.0A,2.0A,2.0A	True
4028	5517	10	3	1	0	2	4800	2400	74624,29041,56977	2.0A,2.0A,2.0A	True
4029	5518	5	1	1	0	0	3500	3500	3212	2.0DHA	True
4040	5529	9	1	1	0	0	2880	2880	3219	2.0A	True
4043	5532	8	2	2	0	0	2200	2000	3410,37741	2.0A,2.0A	True
4068	5560	6	2	1	0	1	3600	1800	26285,3313	2.0A,2.0A	True
4071	5565	15	1	1	0	0	4500	4500	3262	2.0DHA	True
4101	5602	3	1	1	0	0	2880	2880	3282	2.0A	True
4116	5618	15	4	2	0	2	8200	4000	9039,63407,14378,13390	2.0A,2.0A,2.1A,2.0A	True
4117	5619	8	2	1	0	1	6801	4800	30911,12631	2.0A,2.0A	True
4119	5621	15	3	1	0	2	17900	9500	27213,35613,3304	2.0A,2.0A,2.0A	True
4123	5626	15	2	1	0	1	4800	2400	6414,3305	2.0A,2.0DHS	True
4126	5630	12	2	2	0	0	2100	1500	3632,33972	2.0DHA,2.0A	True
4139	5644	10	1	0	0	1	1800	1800	13716	2.0A	True
4148	5654	2	1	1	0	0	2880	2880	3334	2.0A	True
4156	5662	11	1	1	0	0	1800	1800	3366	2.0A	True
4158	5664	80	4	0	0	4	21908	11530	19093,19095,19091,19097	2.0A,2.0DHA,2.0A,2.0DHA	True
4172	5678	9	5	2	0	3	13310	6000	3384,15206,3385,68171,51504	2.0DHA,2.0A,2.0DHA,2.0DHA,2.0A	True
4184	5691	20	2	1	0	1	2629	1800	3364,45459	2.0A,2.0A	True
4190	5697	10	1	1	0	0	1800	1800	3378	2.0A	True
4199	5707	15	1	1	0	0	2880	2880	3749	2.0A	True
4204	5713	15	1	1	0	0	2400	2400	33250	2.0A	True
4245	5759	4	5	1	0	4	16600	4000	54308,44075,42884,39687,44093	2.0DHA,2.0A,2.0DHA,2.0DHA,2.0A	True
4247	5762	5	1	1	0	0	3000	3000	3433	2.0DHA	True
4256	5773	9	1	1	0	0	1800	1800	21005	2.0A	True
4265	5782	20	2	2	0	0	4200	2400	7098,7093	2.0A,2.0A	True
4267	5784	6	1	1	0	0	2100	2100	3445	2.0A	True
4270	5787	10	1	1	0	0	4800	4800	3522	2.0A	True
4293	5812	12	3	1	0	2	7450	3250	52402,38958,3477	2.0A,2.0A,2.0DHA	True
4312	5838	10	1	0	0	1	1000	1000	33272	2.0A	True
4316	5842	13	3	1	0	2	7680	2880	3508,69513,67464	2.0A,2.0A,2.0DHA	True
4327	5855	5	2	0	0	2	4452	4000	53024,3530	2.0A,2.0A	True
4329	5857	5	1	1	0	0	1800	1800	4028	2.0A	True
4331	5859	10	1	1	0	0	3500	3500	3703	2.0A	True
4335	5866	13	6	1	3	2	6804	1800	44438,30948,66043,30943,30952,30954	2.0A,2.0A,2.0A,2.0A,2.0A,2.0A	True
4340	5872	7	3	0	0	3	7260	2880	33063,3521,33061	2.0A,2.0A,2.0A	True
4349	5884	8	1	1	0	0	2555	2555	3534	2.0DHA	True
4374	5917	4	1	1	0	0	1200	1200	3557	2.0A	True
4375	5918	12	2	1	0	1	7259	4800	12667,55780	2.0DHA,2.0A	True
4386	5931	7	1	1	0	0	1800	1800	3571	2.0A	True
4390	5936	7	1	1	0	0	2500	2500	3577	2.0A	True
4391	5938	7	1	1	0	0	2100	2100	3576	2.0A	True
4393	5940	13	2	2	0	0	3400	3000	3698,3697	2.0A,2.0DHA	True
4414	5969	19	1	1	0	0	3840	3840	9187	2.0DHA	True
4420	5977	20	1	1	0	0	4200	4200	3603	2.0A	True
4425	5982	9	2	2	0	0	5290	3600	47366,3609	2.0A,2.0A	True
4426	5983	14	2	1	0	1	5270	3650	3712,24516	2.0A,2.0A	True
4427	5984	2	3	1	0	2	7680	3000	3674,41227,30609	2.0A,2.0A,2.0A	True
4438	5999	10	2	1	0	1	3400	1800	16158,38962	2.0DHA,2.0DHA	True
4447	6013	8	1	1	0	0	1900	1900	3638	2.0A	True
4455	6021	7	2	1	0	1	3720	1920	45403,3642	2.0A,2.0A	True
4457	6025	11	2	1	0	1	4875	2772	40151,3648	2.0A,2.0A	True
4458	6026	3	1	1	0	0	950	950	3649	2.0A	True
4484	6057	3	2	1	0	1	2100	1800	3682,49038	2.0A,2.0A	True
4508	6087	10	3	1	0	2	6700	3000	3709,55272,65495	2.0DHA,2.0A,2.0A	True
4527	6112	6	3	1	0	2	6640	3840	18226,3751,30603	2.0A,2.0DHA,2.0DHA	True
4531	6118	4	2	1	0	1	833	829	59703,35327	2.0A,2.0A	True
4552	6144	14	1	1	0	0	2400	2400	3768	2.0A	True
4572	6169	9	2	1	0	1	2160	1800	4839,4624	2.0A,2.0A	True
4575	6174	4	6	1	0	5	14034	3500	3788,70450,56395,56267,66935,9854	2.0A,2.0A,2.0A,2.0A,2.0A,2.0A	True
4600	6207	12	3	1	0	2	5450	2950	3886,11024,49237	2.0A,2.0A,2.0A	True
4604	6212	5	1	0	0	1	2400	2400	3821	2.0A	True
4607	6217	25	1	1	0	0	2880	2880	3917	2.0A	True
4615	6229	12	3	1	0	2	2893	2200	73885,73887,3840	2.0A,2.0A,2.0A	True
4616	6230	4	4	1	0	3	9522	3177	61520,61516,3835,61793	2.0A,2.0A,2.0A,2.0A	True
4622	6238	2	1	1	0	0	2880	2880	4082	2.0A	True
4630	6246	2	2	2	0	0	7080	5280	3883,50110	2.0A,2.0A	True
4633	6249	20	3	1	0	2	13518	6718	68574,21691,3845	2.0A,2.0A,2.0A	True
4641	6257	8	5	1	0	4	9600	2400	4025,28600,27988,26161,26159	2.0A,2.0DHA,2.0A,2.0A,2.0A	True
4648	6269	5	2	1	0	1	3226	1626	33363,3863	2.0A,2.0A	True
4651	6272	5	1	1	0	0	1800	1800	3911	2.0A	True
4672	6296	20	5	5	0	0	5300	2400	55511,55515,25254,3881,43575	2.0A,2.0A,2.0A,2.0A,2.0A	True
4682	6309	1	2	1	0	1	4500	3300	3891,3892	2.0A,2.0A	True
4683	6310	12	2	1	0	1	6335	3935	4572,44143	2.0DHA,2.0A	True
4700	6338	5	1	1	0	0	1650	1650	3923	2.0A	True
4704	6343	10	1	1	0	0	2400	2400	3922	2.0A	True
4713	6352	10	2	2	0	0	3030	2880	53304,4511	2.0A,2.0A	True
4715	6357	15	10	1	0	9	23541	3840	71743,66556,66774,17386,68031,17397,68446,3978,64811,30354	2.0A,2.0A,2.0A,2.0A,2.0A,2.0A,2.0A,2.0DHA,2.0A,2.0A	True
4723	6366	30	6	3	0	3	21630	7500	52984,3940,3939,3941,53004,72028	2.0DHA,2.0DHA,2.0DHA,2.0DHA,2.0A,2.0DHA	True
4750	6398	13	1	1	0	0	3840	3840	4066	2.0A	True
4753	6401	2	1	1	0	0	2400	2400	41433	2.0A	True
4756	6404	3	1	1	0	0	1800	1800	48334	2.0A	True
4761	6414	20	6	1	0	5	17821	10507	72086,34959,35504,44416,4271,13417	2.0A,2.0A,2.0A,2.0A,2.0A,2.0A	True
4762	6415	12	2	1	0	1	19069	16069	3992,33067	2.0A,3.0A	True
4768	6425	20	1	1	0	0	4572	4572	4072	2.0A	True
4775	6437	6	1	1	0	0	3000	3000	4068	2.0A	True
4778	6440	11	5	0	0	5	16164	5280	70274,46614,4238,23077,46902	2.0DHA,2.0A,2.0DHA,2.0A,2.0A	True
4788	6453	5	3	1	0	2	6639	4139	32928,13236,52521	2.0A,2.0A,2.0A	True
4790	6455	7	3	1	0	2	8980	5280	4294,57952,59364	2.0A,2.0A,2.0A	True
4793	6458	7	1	1	0	0	3500	3500	4398	2.0A	True
4794	6459	5	1	1	0	0	1800	1800	5284	2.0A	True
4809	6480	2	5	1	0	4	9999	4293	22076,4024,9627,22078,41958	2.0A,2.0A,2.0A,2.0A,2.0A	True
4814	6488	15	1	1	0	0	3000	3000	12581	2.0A	True
4816	6490	5	2	1	0	1	4200	2400	28085,4049	2.0A,2.0A	True
4820	6497	20	2	2	0	0	3657	1857	5496,42472	2.0DHA,2.0DHA	True
4826	6503	2	1	1	0	0	1920	1920	57524	2.0A	True
4838	6519	15	2	1	0	1	7000	5000	23451,25673	2.0DHA,2.0A	True
4850	6541	9	2	1	0	1	6700	4200	4086,28801	2.0DHA,2.0A	True
4855	6549	6	1	1	0	0	1500	1500	4088	2.0DHA	True
4859	6553	16	1	1	0	0	2400	2400	44768	2.0A	True
4871	6566	10	1	1	0	0	3840	3840	4190	2.0A	True
4878	6573	7	2	2	0	0	4700	2400	50455,4105	2.0A,2.0A	True
4888	6588	6	5	1	0	4	11632	3600	5073,67151,38370,68360,60085	2.0A,2.0A,2.0A,2.0A,2.0A	True
4894	6595	8	6	1	0	5	28388	9480	11320,38149,8508,67427,4125,67429	2.0DHA,2.0A,2.0A,2.0A,2.0DHA,2.0A	True
4898	6600	3	1	1	0	0	2400	2400	4127	2.0A	True
4913	6621	6	1	1	0	0	2000	2000	4153	2.0A	True
4916	6625	3	2	1	0	1	2800	1800	41748,4919	2.0A,2.0A	True
4932	6655	4	1	1	0	0	1800	1800	7678	2.0A	True
4934	6657	10	1	1	0	0	1800	1800	4175	2.0A	True
4945	6669	10	1	0	0	1	2400	2400	4306	2.0A	True
4949	6673	10	3	1	0	2	3022	3000	70998,40965,56744	2.0A,2.0A,2.0A	True
4974	6702	5	1	1	0	0	850	850	5105	2.0A	True
4977	6705	3	2	1	0	1	1842	1116	64673,4311	2.0A,2.0A	True
4981	6710	12	1	1	0	0	9480	9480	5610	2.1A	True
4988	6725	8	2	1	0	1	3672	2200	4234,48715	2.0A,2.0A	True
4990	6732	8	1	1	0	0	2400	2400	20311	2.0A	True
4999	6741	4	1	1	0	0	2000	2000	4256	2.0A	True
5017	6762	12	4	3	0	1	10000	4000	70456,42138,4272,31005	2.0A,2.0A,2.0A,2.0A	True
5023	6768	15	1	1	0	0	3000	3000	4314	2.0A	True
5030	6776	11	0	0	0	0	None	None	None	None	True
5043	6791	24	1	1	0	0	6000	6000	4297	2.0A	True
5049	6804	9	2	2	0	0	485	265	4324,36213	2.0A,2.0A	True
5050	6806	10	3	2	0	1	6100	2500	13164,8812,13168	2.0A,2.0DHA,2.0A	True
5059	6820	40	4	3	0	1	11520	3840	21142,69754,4523,4521	2.0A,2.0A,2.0A,2.0A	True
5067	6828	8	1	1	0	0	2880	2880	4326	2.0A	True
5113	6923	5	1	1	0	0	1800	1800	5702	2.0A	True
5177	7048	5	1	1	0	0	1800	1800	5089	2.0A	True
5181	7052	3	1	1	0	0	1800	1800	6178	2.0A	True
5184	7058	5	4	3	0	1	6480	2880	15629,30996,5407,48725	2.0A,2.0A,2.0A,2.0A	True
5202	7088	5	2	1	0	1	4256	2400	4702,63589	2.0A,2.0A	True
5215	7103	12	2	1	0	1	1811	1800	6206,67091	2.0A,2.0A	True
5219	7113	4	2	1	0	1	5760	3360	17037,21608	2.0A,2.0A	True
5229	7132	30	1	1	0	0	5200	5200	4781	2.0A	True
5237	7155	6	1	1	0	0	5000	5000	4963	2.0A	True
5246	7170	11	1	1	0	0	2880	2880	4829	2.0A	True
5247	7171	7	1	1	0	0	2200	2200	9082	2.0A	True
5250	7177	3	3	0	0	3	7440	3840	5352,42542,42646	2.0A,2.0A,2.0A	True
5251	7178	10	2	1	0	1	4800	2400	4847,64228	2.0A,2.0A	True
5272	7220	2	3	1	0	2	10500	6900	53659,58524,4942	2.0A,2.0A,2.0A	True
5273	7221	8	1	1	0	0	1824	1824	4944	2.0A	True
5277	7225	9	1	1	0	0	2368	2368	4973	2.0A	True
5283	7238	15	1	1	0	0	3000	3000	4959	2.0A	True
5290	7248	12	2	1	0	1	5669	3169	27814,5007	2.0A,2.0DHA	True
5301	7277	50	2	1	0	1	7680	5280	12105,5017	2.0A,2.0A	True
5306	7295	7	2	1	0	1	5966	3866	5184,45361	2.0A,2.0A	True
5307	7296	9	3	1	0	2	7900	3900	5057,24911,45103	2.0DHA,2.0A,2.0A	True
5308	7297	6	3	1	0	2	9100	5000	5063,49100,30623	2.0A,2.0A,2.0A	True
5320	7324	5	2	2	0	0	3300	2400	5981,12034	2.0A,2.0A	True
5322	7326	7	1	1	0	0	2400	2400	5563	2.0A	True
5348	7365	7	1	1	0	0	4000	4000	5172	2.0A	True
5359	7382	4	2	1	0	1	6400	4000	9035,5196	2.0A,2.0A	True
5363	7386	20	2	1	0	1	6720	3840	13718,5210	2.0DHA,2.0A	True
5368	7393	5	1	1	0	0	3840	3840	35560	2.0DHA	True
5369	7406	2	3	1	0	2	9460	7841	58000,12605,58030	2.0A,2.0A,2.0A	True
5397	7469	17	1	1	0	0	4800	4800	5321	2.0A	True
5399	7476	3	1	1	0	0	2432	2432	5478	2.0A	True
5441	7559	3	4	1	0	3	12907	5260	23234,14061,23737,72270	2.0DHA,2.0A,2.0DHA,2.0A	True
5452	7584	6	4	2	0	2	7014	2000	5484,5482,62719,63329	2.0DHA,2.0DHA,2.0A,2.0A	True
5463	7632	5	2	1	0	1	3155	1655	5553,31763	2.0A,2.0A	True
5487	7695	6	5	1	0	4	6780	3285	42397,74260,54316,12962,12020	2.0A,2.0A,2.0DHA,2.0A,2.0A	True
5504	7720	8	1	1	0	0	3200	3200	5768	2.0A	True
5510	7726	4	1	1	0	0	2686	2686	46828	2.0DHA	True
5511	7728	5	1	1	0	0	2400	2400	5674	2.0A	True
5515	7732	6	3	1	0	2	6300	2700	6124,8578,23141	2.0A,2.0A,2.0A	True
5517	7739	8	2	0	0	2	5280	2880	31578,6682	2.0DHA,2.0A	True
5518	7741	6	1	1	0	0	48000	48000	23548	2.0A	True
5525	7748	9	1	1	0	0	3600	3600	5894	2.0A	True
5536	7775	3	5	1	0	4	22450	9000	17799,6884,6740,21158,5758	2.0A,2.0A,2.0A,2.0A,2.0DHA	True
5550	7797	10	1	1	0	0	1800	1800	5780	2.0A	True
5553	7800	7	1	1	0	0	1800	1800	6144	2.0DHA	True
5554	7801	7	4	1	0	3	6240	3840	66404,12640,12644,5870	2.0A,2.0A,2.0A,2.0A	True
5560	7808	20	1	1	0	0	3641	3641	5892	2.0A	True
5561	7809	10	1	1	0	0	3840	3840	5802	2.0A	True
5568	7822	6	1	1	0	0	3000	3000	21054	2.0DHA	True
5569	7824	4	2	1	0	1	3600	1800	5987,5832	2.0A,2.0DHA	True
5576	7835	11	4	1	0	3	25680	11500	35664,70861,49784,5900	2.1DHA,2.0DHA,2.1DHA,2.0DHA	True
5597	7868	10	1	1	0	0	1050	1050	5890	2.0A	True
5598	7869	2	2	1	0	1	4586	4300	32075,6802	2.0A,2.0DHA	True
5609	7889	40	2	1	0	1	15000	12000	6015,56959	2.1A,2.0A	True
5625	7928	14	7	2	0	5	20420	4500	23209,66901,67845,67029,72839,10892,29518	2.0A,2.0A,2.0DHA,2.0DHA,2.0A,2.0DHA,2.0A	True
5627	7932	3	1	1	0	0	750	750	5991	2.0A	True
5632	7940	5	1	1	0	0	1800	1800	7840	2.0A	True
5643	7955	10	1	1	0	0	1800	1800	12848	2.0DHA	True
5650	7964	17	1	1	0	0	4880	4880	8798	2.0A	True
5697	8027	12	0	0	0	0	None	None	None	None	True
5722	8081	6	1	1	0	0	1300	1300	6798	2.0A	True
5724	8085	12	2	2	0	0	4500	2500	6242,6245	2.0A,2.0A	True
5736	8109	12	2	2	0	0	5400	3000	69993,6279	2.0A,2.0A	True
5738	8111	5	2	1	1	0	3800	2000	6703,14369	2.0A,2.0A	True
5748	8124	21	1	1	0	0	6000	6000	6303	2.0DHS	True
5753	8138	10	2	2	0	0	1805	1800	7117,67865	2.0A,2.0A	True
5769	8177	7	1	1	0	0	1400	1400	6364	2.0A	True
5801	8247	9	2	1	0	1	7000	5000	23226,9440	2.0A,2.0DHA	True
5804	8254	10	3	1	0	2	7700	3000	6451,33247,32171	2.0DHA,2.0DHA,2.0DHA	True
5812	8262	5	1	1	0	0	1500	1500	6544	2.0A	True
5819	8275	20	1	1	0	0	8108	8108	59633	2.0DHA	True
5822	8285	13	2	2	0	0	3250	3000	6494,36178	2.0A,2.0A	True
5833	8304	8	3	1	0	2	8340	3840	27505,67666,13364	2.0A,2.0A,2.0DHA	True
5868	8363	10	1	0	0	1	1800	1800	22207	2.0A	True
5882	8399	16	3	0	0	3	9677	4000	7712,50499,48958	2.0A,2.0A,2.0A	True
5893	8412	15	1	1	0	0	3000	3000	6676	2.0A	True
5898	8417	20	2	2	0	0	5760	2880	20773,7180	2.0A,2.0A	True
5913	8434	7	1	1	0	0	1800	1800	6701	2.0DHA	True
5924	8452	6	2	2	0	0	930	900	54071,7648	2.0A,2.0A	True
5927	8455	3	2	1	0	1	5900	3500	6736,34468	2.0A,2.0A	True
5942	8482	6	1	1	0	0	2400	2400	19380	2.0A	True
5945	8489	8	1	1	0	0	4	4	6784	2.0DHA	True
5952	8498	2	1	1	0	0	2500	2500	25320	2.0A	True
5965	8518	8	2	1	0	1	3960	2400	6904,42522	2.0A,2.0A	True
5967	8520	10	1	1	0	0	2990	2990	49325	2.0A	True
5981	8545	1	1	1	0	0	1098	1098	33804	2.0A	True
5988	8552	15	2	2	0	0	5200	2800	7038,41878	2.0A,2.0A	True
5994	8563	12	4	1	0	3	7700	4200	35500,35502,6892,23930	2.0A,2.0A,2.0A,2.0A	True
5995	8564	6	1	1	0	0	1440	1440	6894	2.0DHA	True
6005	8578	1	2	1	0	1	5040	3840	47830,6988	2.0DHA,2.0A	True
6014	8593	13	1	1	0	0	2880	2880	7078	2.0A	True
6029	8616	1	1	1	0	0	260	260	55095	2.0A	True
6030	8617	5	3	1	0	2	7440	3840	68514,6958,68518	2.0A,2.0A,2.0A	True
6031	8622	4	1	1	0	0	3000	3000	6996	2.0DHA	True
6060	8676	14	3	1	0	2	5400	1800	8596,73427,70087	2.0A,2.0A,2.0A	True
6080	8716	10	1	0	0	1	2200	2200	7196	2.0A	True
6094	8734	6	1	1	0	0	1	1	7431	2.0A	True
6096	8740	7	1	1	0	0	2600	2600	7545	2.0A	True
6099	8747	13	1	1	0	0	2880	2880	18713	2.0A	True
6113	8772	8	1	1	0	0	2400	2400	7388	2.0A	True
6123	8789	12	1	1	0	0	4000	4000	7270	2.0A	True
6131	8824	5	4	1	0	3	14100	7300	25999,17951,25564,7333	2.0A,2.0A,2.0A,2.0DHA	True
6140	8840	10	1	1	0	0	3840	3840	7315	2.0DHA	True
6150	8854	30	2	2	0	0	8400	6000	12412,7370	2.0A,2.0A	True
6159	8876	10	3	1	0	2	4830	2400	69174,7486,70025	2.0A,2.0A,2.0A	True
6163	8880	12	1	1	0	0	4000	4000	7376	2.0A	True
6169	8892	10	1	1	0	0	2400	2400	71326	2.0A	True
6177	8909	4	2	0	1	1	5280	2880	30435,9223	2.0A,2.0A	True
6216	8966	8	1	1	0	0	1962	1962	7646	2.0A	True
6233	8986	8	2	1	0	1	700	350	37512,37472	2.0A,2.0A	True
6236	8994	6	4	1	0	3	7200	1800	7527,61573,61669,41789	2.0DHA,2.0DHA,2.0DHA,2.0A	True
6239	8997	3	1	1	0	0	2100	2100	7529	2.0A	True
6245	9005	6	2	1	0	1	3300	1700	7989,7583	2.0A,2.0A	True
6262	9062	6	1	1	0	0	1700	1700	7814	2.0DHA	True
6266	9066	16	1	1	0	0	1200	1200	34292	2.0A	True
6277	9082	7	3	0	0	3	6859	5796	47248,50355,53962	2.0DHA,2.0DHA,2.0A	True
6283	9088	7	14	3	0	11	30969	4400	68994,56349,30629,7650,57378,68271,69571,68061,55712,67259,58447,11594,69429,69509	2.0A,2.0A,2.0A,2.0DHA,2.0A,2.0A,2.0A,2.0A,2.0A,2.0A,2.0A,2.0A,2.0A,2.0A	True
6289	9096	5	2	1	0	1	3025	2880	53637,7662	2.0A,2.0A	True
6309	9145	10	1	1	0	0	5280	5280	7708	2.0A	True
6312	9148	10	1	0	0	1	1900	1900	7715	2.0DHA	True
6315	9159	4	1	1	0	0	2600	2600	7738	2.0A	True
6333	9187	6	2	1	1	0	3700	2400	37904,7812	2.0A,2.0A	True
6337	9191	15	1	1	0	0	6300	6300	26066	2.0A	True
6343	9208	8	3	2	0	1	15364	10445	22677,7828,20843	2.0A,2.0DHA,3.0A	True
6353	9229	6	1	1	0	0	1600	1600	7882	2.1A	True
6358	9238	5	5	0	1	4	25480	11000	58194,58190,55284,51053,49399	2.0A,3.0A,2.0A,2.0A,2.0DHA	True
6394	9291	1	1	1	0	0	3000	3000	7971	2.0A	True
6403	9310	20	1	1	0	0	500	500	8092	2.0A	True
6408	9315	15	1	1	0	0	3360	3360	8006	2.0A	True
6414	9323	4	1	1	0	0	2400	2400	8528	2.0A	True
6423	9332	3	4	1	0	3	10287	5736	24657,24659,13801,8046	2.0A,2.0A,2.0A,2.0DHA	True
6426	9337	4	5	1	0	4	16575	9008	51237,72696,23339,52370,8064	2.0A,2.0A,2.0DHA,2.0A,2.0DHA	True
6439	9353	6	2	1	0	1	4200	2600	8360,39338	2.0A,2.0A	True
6467	9421	12	2	1	0	1	11280	6000	63127,8776	2.0A,2.0A	True
6475	9443	6	1	1	0	0	1800	1800	8322	2.0DHA	True
6479	9455	2	1	1	0	0	1700	1700	8386	2.0DHA	True
6482	9460	15	1	1	0	0	6284	6284	8320	2.0DHA	True
6493	9478	8	3	1	0	2	8340	3840	24452,55163,8267	2.0A,2.0A,2.0DHA	True
6495	9480	3	2	2	0	0	803	703	8282,8284	2.0A,2.0A	True
6549	9567	13	1	0	0	1	5629	5629	20935	2.0A	True
6551	9569	5	1	1	0	0	2000	2000	8972	2.0DHA	True
6552	9571	11	2	1	0	1	6240	3840	9285,63147	2.0DHA,2.0A	True
6558	9579	4	4	1	0	3	32400	14400	8412,56989,56991,59206	2.0DHA,3.0A,3.0A,2.0A	True
6561	9584	10	1	1	0	0	3600	3600	8701	2.0A	True
6578	9609	12	3	2	0	1	6730	2880	40033,8504,61835	2.0A,2.0A,2.0A	True
6596	9631	14	3	1	0	2	8276	4812	23286,10129,23753	2.0A,2.0A,2.0A	True
6603	9647	3	1	1	0	0	1800	1800	8844	2.0A	True
6616	9661	2	1	1	0	0	252	252	8538	2.0A	True
6624	9672	4	2	1	0	1	4000	3000	13525,8756	2.0A,2.0A	True
6643	9714	14	2	2	0	0	4680	2880	9115,9111	2.0A,2.0A	True
6651	9723	10	4	1	1	2	8600	3200	17464,17470,60460,60458	2.0A,2.0A,2.0A,2.0DHA	True
6652	9728	2	3	3	0	0	1012	422	8717,53220,18060	2.0A,2.0A,2.0A	True
6654	9730	24	2	2	0	0	7442	6215	8614,8616	2.0DHA,2.0A	True
6664	9744	3	1	1	0	0	5000	5000	8732	2.0A	True
6668	9748	6	2	2	0	0	3600	1800	12593,56796	2.0A,2.0A	True
6696	9803	10	1	1	0	0	2880	2880	8762	2.0DHA	True
6704	9820	8	1	0	0	1	110	110	12164	2.0A	True
6730	9866	10	2	2	0	0	2900	2400	11183,31765	2.0A,2.0A	True
6732	9868	4	1	1	0	0	1500	1500	8840	2.0A	True
6744	9882	12	4	2	0	2	8400	2400	26240,35079,16040,8876	2.0DHA,2.0A,2.0A,2.0A	True
6754	9897	19	2	2	0	0	6000	3000	8908,8904	2.0A,2.0A	True
6763	9910	6	2	2	0	0	3000	1800	8940,40360	2.0A,2.0A	True
6766	9923	7	1	1	0	0	1800	1800	51408	2.0A	True
6776	9939	6	1	1	0	0	2880	2880	9698	2.0A	True
6777	9940	15	1	1	0	0	3000	3000	8996	2.0A	True
6778	9942	22	1	1	0	0	3700	3700	8990	2.0A	True
6783	9947	15	1	1	0	0	4200	4200	9002	2.0DHA	True
6785	9949	8	2	1	0	1	3224	2400	51687,9345	2.0A,2.0DHA	True
6794	9966	7	1	1	0	0	1200	1200	52720	2.0A	True
6803	9977	4	3	1	1	1	4730	2880	63664,15228,9049	2.0DHA,2.0A,2.0DHA	True
6808	9982	2	1	1	0	0	2400	2400	10210	2.0A	True
6811	9989	15	1	1	0	0	3500	3500	9062	2.0A	True
6819	10003	5	2	0	0	2	3000	2500	31781,52256	2.0A,2.0DHA	True
6833	10030	5	2	1	0	1	3600	1800	28678,9113	2.0A,2.0A	True
6840	10040	4	1	0	0	1	1401	1401	30777	2.0A	True
6869	10090	6	1	1	0	0	1620	1620	9371	2.0A	True
6905	10163	10	1	1	0	0	3200	3200	9416	2.0A	True
6910	10168	20	5	1	0	4	13583	3600	9702,9686,36801,9430,10400	2.0A,2.0A,2.0A,2.0DHA,2.0A	True
6935	10202	10	1	1	0	0	1500	1500	53189	2.0A	True
6937	10204	4	2	2	0	0	2650	1400	9543,17746	2.0A,2.0A	True
6945	10220	2	1	1	0	0	1800	1800	9556	2.0A	True
6956	10240	4	1	1	0	0	2400	2400	9585	2.0A	True
6965	10260	15	1	1	0	0	2880	2880	10073	2.0A	True
6974	10283	8	3	1	0	2	12639	5663	12298,12652,37431	2.0A,2.0A,2.0A	True
6980	10319	10	2	2	0	0	26400	14400	9696,11667	2.1A,3.0A	True
6981	10324	5	8	2	0	6	25980	9480	31009,57705,67819,59842,31011,66786,9706,29430	2.0A,2.0A,2.0A,2.1A,2.0A,2.0A,2.0DHA,2.0A	True
6988	10337	8	1	1	0	0	3840	3840	9717	2.0A	True
6989	10338	13	1	1	0	0	2770	2770	9823	2.0A	True
6994	10348	10	2	1	0	1	3680	2880	75100,39825	2.0A,2.0DHA	True
6997	10351	5	1	1	0	0	2000	2000	10464	2.0A	True
7020	10402	1	1	1	0	0	300	300	9793	2.0DHA	True
7048	10455	12	1	1	0	0	2370	2370	14593	2.0A	True
7080	10525	8	2	1	0	1	5670	3840	9999,46960	2.0A,2.0A	True
7097	10550	10	4	3	1	0	1270	800	45099,55045,28776,45091	2.0A,2.0A,2.0A,2.0A	True
7098	10551	4	3	1	1	1	6838	4800	30173,10092,66730	2.0A,2.0A,2.0A	True
7101	10554	6	1	1	0	0	1800	1800	10202	2.0A	True
7121	10580	10	1	1	0	0	3200	3200	10087	2.0A	True
7123	10582	5	1	1	0	0	1800	1800	11077	2.0A	True
7142	10630	7	2	1	0	1	3508	1800	45158,47136	2.0A,2.0A	True
7145	10634	50	2	1	0	1	5280	2880	65481,59296	2.0A,2.0A	True
7171	10679	7	2	2	0	0	1427	1245	57940,24205	2.0A,2.0A	True
7187	10718	12	1	1	0	0	3300	3300	35417	2.0A	True
7196	10737	8	1	1	0	0	360	360	10286	2.0A	True
7197	10738	22	2	2	0	0	10500	5500	10402,10446	2.0A,2.0A	True
7199	10740	15	5	2	0	3	71226	48000	29541,40320,53817,53452,62529	2.0DHA,2.0A,3.0A,2.1A,2.0A	True
7204	10772	3	1	1	0	0	2400	2400	10421	2.0A	True
7207	10775	8	5	1	0	4	12740	5000	10824,42832,66355,60571,11296	2.0A,2.0DHA,2.0DHA,2.0DHA,2.0A	True
7219	10787	4	1	1	0	0	1800	1800	10581	2.0DHA	True
7221	10789	5	1	0	0	1	6000	6000	10426	2.0A	True
7228	10807	10	4	2	0	2	13340	6500	10361,55666,53809,37376	2.0DHA,3.0A,2.0A,2.0A	True
7251	10869	6	1	1	0	0	1700	1700	10526	2.0A	True
7258	10880	13	1	1	0	0	14400	14400	10498	2.1A	True
7294	10937	3	1	1	0	0	2623	2623	10662	2.0A	True
7299	10942	10	1	1	0	0	1000	1000	10622	2.0A	True
7309	10965	7	1	1	0	0	2500	2500	14187	2.0A	True
7344	11012	3	1	1	0	0	1200	1200	23185	2.0A	True
7369	11056	4	3	3	0	0	2804	2400	10828,44602,23550	2.0A,2.0A,2.0A	True
7379	11071	5	6	1	1	4	18875	5779	10830,42178,42172,17298,30828,44012	2.0DHA,2.0A,2.0A,2.0A,2.0A,2.0A	True
7380	11072	8	2	2	0	0	4800	2400	10810,32019	2.0A,2.0A	True
7382	11079	2	2	1	1	0	6880	4000	42790,65729	2.0A,2.0A	True
7386	11092	5	1	1	0	0	3000	3000	29181	2.0A	True
7418	11162	12	3	3	0	0	5694	2880	24468,24470,10926	2.0A,2.0A,2.0A	True
7423	11169	2	2	2	0	0	3600	1800	11071,17985	2.0A,2.0A	True
7426	11181	20	1	1	0	0	3500	3500	53534	2.0A	True
7430	11191	5	2	1	0	1	4680	2880	71365,55523	2.0A,2.0A	True
7439	11209	14	3	1	0	2	9900	6000	25824,11002,61201	2.0DHA,2.0DHA,2.0A	True
7457	11245	6	1	1	0	0	2400	2400	11073	2.0A	True
7461	11258	15	3	0	0	3	7450	3300	11091,13110,11384	2.0DHA,2.0DHA,2.0DHA	True
7480	11286	20	1	1	0	0	2880	2880	11154	2.0A	True
7522	11392	2	3	1	0	2	4431	2725	39274,11638,44196	2.0A,2.0DHA,2.0A	True
7562	11465	5	1	1	0	0	2500	2500	11380	2.0A	True
7573	11478	17	5	2	0	3	15900	6000	44820,11389,32951,69280,15287	2.0A,2.0A,2.0A,2.0A,2.0A	True
7588	11493	5	1	1	0	0	780	780	12256	2.0DHA	True
7595	11504	5	1	1	0	0	1800	1800	12471	2.0A	True
7599	11508	15	1	0	0	1	4800	4800	13690	2.0DHA	True
7614	11531	7	2	1	0	1	21141	18660	23843,66230	2.0A,3.0A	True
7619	11536	4	1	0	0	1	2400	2400	15514	2.0DHA	True
7626	11549	11	3	1	0	2	16560	9480	63769,11598,11499	2.0A,2.0A,2.0A	True
7633	11560	18	1	1	0	0	5700	5700	11516	2.0A	True
7634	11561	5	5	1	0	4	16380	5280	70646,69376,69268,68428,11967	2.0A,2.0A,2.0A,2.0A,2.0A	True
7642	11569	4	1	1	0	0	2400	2400	11556	2.0DHA	True
7646	11575	12	2	1	0	1	9400	5000	18677,55264	2.0A,2.0DHA	True
7652	11583	4	1	1	0	0	2400	2400	11766	2.0A	True
7681	11642	14	1	1	0	0	2400	2400	12545	2.0A	True
7683	11644	10	1	0	0	1	3500	3500	11691	2.0DHA	True
7684	11645	15	1	1	0	0	2400	2400	12698	2.0A	True
7699	11668	3	2	1	0	1	4007	4002	36472,46986	2.0A,2.0A	True
7703	11672	10	2	1	0	1	10900	8900	50135,11834	2.0A,2.0A	True
7707	11676	1	1	1	0	0	6000	6000	11725	2.0A	True
7709	11680	1	3	1	0	2	3740	1500	11731,18393,71429	2.0A,2.0A,2.0A	True
7715	11688	1	1	1	0	0	1800	1800	11895	2.0A	True
7719	11692	7	1	1	0	0	1647	1647	13821	2.0A	True
7731	11708	10	3	1	0	2	5400	1800	45678,49718,11784	2.0A,2.0DHA,2.0DHA	True
7755	11771	7	2	1	0	1	4781	3000	13017,62982	2.0DHA,2.0A	True
7778	11847	10	1	1	0	0	2500	2500	27573	2.0A	True
7785	11856	24	3	2	0	1	11240	5000	14750,35358,14752	2.0A,2.0A,2.0A	True
7797	11870	5	1	1	0	0	2700	2700	11971	2.0DHA	True
7799	11872	8	1	1	0	0	2000	2000	46900	2.0A	True
7840	11933	7	3	1	0	2	5900	2400	66068,12058,66067	2.0A,2.0DHA,2.0DHA	True
7843	11942	6	1	1	0	0	8976	8976	12095	2.0DHA	True
7844	11943	4	2	1	0	1	4998	3600	29490,12220	2.0A,2.0A	True
7877	12017	13	1	1	0	0	3257	3257	48575	2.0DHA	True
7878	12018	5	2	1	0	1	4200	2400	67355,12212	2.0A,2.0A	True
7900	12060	15	1	1	0	0	2400	2400	12561	2.0A	True
7920	12088	5	1	1	0	0	1800	1800	39320	2.0A	True
7964	12151	6	1	1	0	0	2400	2400	16081	2.0A	True
7971	12169	16	2	2	0	0	5300	3500	12551,37415	2.0A,2.0A	True
7992	12218	8	1	1	0	0	2000	2000	12968	2.0A	True
8000	12228	5	2	1	0	1	2568	1968	13028,43047	2.0DHA,2.0A	True
8009	12245	13	1	1	0	0	2400	2400	51436	2.0A	True
8028	12283	7	1	1	0	0	2369	2369	13757	2.0DHA	True
8046	12329	10	2	1	0	1	2670	1800	12673,66713	2.0DHA,2.0A	True
8059	12353	14	3	1	0	2	10695	4200	52855,14159,12723	2.0A,2.0A,2.0A	True
8063	12359	4	1	1	0	0	2400	2400	12792	2.0A	True
8077	12383	15	1	1	0	0	4750	4750	12800	2.0A	True
8094	12404	10	2	2	0	0	8500	6000	52646,13046	2.0DHA,2.0A	True
8111	12428	1	1	1	0	0	3600	3600	12837	2.0A	True
8157	12492	19	4	3	0	1	3061	1848	15275,53101,22626,26825	2.0A,2.0A,2.0A,2.0A	True
8158	12497	4	4	2	0	2	7410	2400	12974,65944,12984,54036	2.0A,2.0A,2.0A,2.0A	True
8181	12533	6	1	1	0	0	2400	2400	13034	2.0A	True
8188	12542	20	1	1	0	0	4500	4500	13000	2.0A	True
8204	12562	15	1	1	0	0	4200	4200	13588	2.0A	True
8205	12563	9	1	1	0	0	2400	2400	13688	2.0A	True
8224	12600	10	1	1	0	0	1900	1900	13329	2.0DHA	True
8243	12636	4	1	1	0	0	1800	1800	13176	2.0DHA	True
8278	12695	6	2	2	0	0	3100	1800	13278,67025	2.0A,2.0A	True
8281	12698	10	2	2	0	0	4200	2400	14023,13706	2.0A,2.0A	True
8282	12699	16	1	1	0	0	4000	4000	13288	2.0DHA	True
8314	12775	10	5	4	0	1	15840	3840	16952,13670,13662,13665,13668	2.0A,2.0A,2.0A,2.0A,2.0A	True
8318	12783	10	1	1	0	0	3000	3000	13423	2.0A	True
8332	12811	10	2	1	0	1	1502498	1500098	13427,70755	2.0DHA,2.0A	True
8337	12818	2	1	1	0	0	1710	1710	13451	2.0A	True
8345	12834	6	1	1	0	0	2400	2400	13485	2.0A	True
8364	12870	10	2	1	0	1	2500	1500	18797,13566	2.0A,2.0A	True
8374	12884	7	1	1	0	0	2880	2880	13600	2.0A	True
8396	12944	7	1	1	0	0	2187	2187	34284	2.0A	True
8399	12948	4	1	1	0	0	1800	1800	13700	2.0A	True
8411	12972	1	3	1	0	2	7200	2400	17629,51945,13730	2.0A,2.0DHA,2.0A	True
8419	12992	11	1	0	0	1	2700	2700	13777	2.0A	True
8429	13007	6	1	1	0	0	290	290	13803	2.0A	True
8432	13011	8	3	1	1	1	4000	2366	13809,16409,33081	2.0A,2.0A,2.0A	True
8436	13015	7	1	1	0	0	1200	1200	13815	2.0A	True
8439	13020	10	1	1	0	0	2600	2600	13819	2.0A	True
8445	13026	2	1	1	0	0	1	1	14791	2.0A	True
8479	13086	8	1	1	0	0	1758	1758	53498	2.0A	True
8492	13102	6	3	3	0	0	1694	900	41084,13950,14278	2.0A,2.0A,2.0A	True
8500	13113	8	2	1	0	1	5230	2880	42386,24335	2.0A,2.0A	True
8513	13141	8	4	4	0	0	7200	3000	14037,14029,14509,14507	2.0A,2.0A,2.0A,2.0A	True
8527	13178	5	1	1	0	0	500	500	18289	2.0A	True
8558	13234	6	4	2	0	2	7793	2393	29682,29688,66076,14198	2.0A,2.0A,2.0DHA,2.0DHA	True
8564	13246	3	2	1	0	1	6240	3840	73598,14222	2.0A,2.0DHA	True
8573	13264	3	4	0	0	4	9410	4051	31706,21949,16012,19824	2.0A,2.0A,2.0A,2.0DHA	True
8604	13334	12	1	0	0	1	2500	2500	14839	2.0DHA	True
8610	13342	6	2	1	0	1	3632	1932	14533,22042	2.0A,2.0A	True
8647	13408	10	1	0	0	1	696	696	14827	2.0A	True
8681	13463	10	1	1	0	0	1100	1100	38412	2.0A	True
8755	13609	3	4	1	0	3	9600	4200	14841,15443,15441,19421	2.0DHA,2.0A,2.0A,2.0A	True
8758	13616	3	1	1	0	0	1800	1800	22278	2.0A	True
8765	13623	4	1	1	0	0	919	919	14853	2.0DHA	True
8797	13680	6	1	1	0	0	1223	1223	14923	2.0A	True
8802	13703	3	1	1	0	0	2400	2400	18169	2.0A	True
8805	13706	20	1	1	0	0	10000	10000	16138	2.0A	True
8811	13712	1	2	1	0	1	2550	2500	71333,14977	2.0A,2.0A	True
8813	13714	14	4	1	0	3	9303	3368	19053,31182,15243,19135	2.0DHA,2.0A,2.0DHA,2.0DHA	True
8831	13738	7	1	1	0	0	5280	5280	15231	2.0A	True
8832	13739	20	1	1	0	0	5779	5779	15162	2.0DHS	True
8841	13758	5	1	1	0	0	2900	2900	15185	2.0A	True
8851	13780	5	2	1	0	1	2947	1800	72754,15102	2.0A,2.0A	True
8877	13821	12	1	1	0	0	3000	3000	15171	2.0A	True
8883	13839	10	2	1	0	1	5860	5172	27463,20199	2.0A,2.1A	True
8885	13841	10	3	2	0	1	5960	2880	57188,63296,15201	2.0A,2.0A,2.0A	True
8887	13846	6	2	0	1	1	18174	14674	67978,15212	2.0A,2.0A	True
8891	13855	8	1	1	0	0	1700	1700	15226	2.0A	True
8901	13873	10	1	1	0	0	4500	4500	15251	2.0A	True
8912	13888	8	2	1	0	1	3808	2400	23011,57588	2.0A,2.0A	True
8930	13927	3	1	1	0	0	1272	1272	16419	2.0A	True
8953	13978	6	1	1	0	0	899	899	15427	2.0A	True
8956	13985	9	1	1	0	0	2941	2941	18272	2.0DHA	True
8962	13998	3	1	1	0	0	4500	4500	54769	2.0A	True
8963	13999	10	1	1	0	0	2650	2650	19597	2.0A	True
8967	14010	10	1	0	0	1	3600	3600	56973	2.0DHA	True
8982	14034	3	1	1	0	0	2600	2600	15493	2.0A	True
8986	14049	8	6	3	0	3	21380	10000	65399,50791,15550,67616,15520,19704	2.0DHA,2.0A,2.0A,2.0A,2.0A,2.0A	True
9003	14080	1	0	0	0	0	None	None	None	None	True
9004	14081	9	4	1	0	3	27680	14400	17510,70530,17783,38604	2.0A,2.1A,2.0A,2.1A	True
9006	14083	4	1	1	0	0	120	120	15582	2.0A	True
9007	14084	8	2	1	0	1	2887	1500	40731,22181	2.0A,2.0A	True
9052	14157	15	1	1	0	0	2400	2400	15683	2.0DHA	True
9067	14174	11	1	1	0	0	3441	3441	54704	2.0DHA	True
9084	14194	5	1	1	0	0	3500	3500	15823	2.0A	True
9089	14199	30	9	7	0	2	38700	14400	15805,29331,17572,58414,29336,47866,58640,29340,21483	2.0A,3.0A,2.0A,2.0A,2.0A,2.0A,2.0A,2.0A,2.0A	True
9091	14201	7	3	1	0	2	4318	1800	25566,49937,49935	2.0A,2.0A,2.0A	True
9102	14214	3	2	1	0	1	5640	3066	15778,68149	2.0A,2.0A	True
9141	14263	8	5	1	1	3	13700	3900	20767,17602,18285,16046,20576	2.0A,2.0A,2.0A,2.0DHA,2.0A	True
9157	14287	13	1	1	0	0	3900	3900	22391	2.0A	True
9176	14320	10	4	1	0	3	11673	3548	27934,60739,15960,38137	2.0DHA,2.0A,2.0DHA,2.0A	True
9193	14343	20	2	1	0	1	6240	3840	15998,16178	2.0A,2.0A	True
9198	14348	20	1	1	0	0	6000	6000	15996	2.0DHA	True
9200	14352	6	2	2	0	0	4800	3000	16602,56171	2.0DHA,2.0A	True
9202	14356	4	1	1	0	0	2283	2283	16107	2.0A	True
9210	14372	4	1	1	0	0	1350	1350	16754	2.0A	True
9211	14373	25	1	1	0	0	5280	5280	49846	2.0A	True
9214	14376	9	2	2	0	0	3210	1710	57688,17490	2.0A,2.0DHA	True
9227	14398	3	4	1	0	3	9280	3500	45019,16395,52485,61635	2.0A,2.0DHA,2.0A,2.0A	True
9232	14409	6	2	1	0	1	4200	2400	50377,16140	2.0A,2.0DHA	True
9233	14412	7	2	2	0	0	1900	1767	36161,16098	2.0A,2.0A	True
9242	14421	3	1	1	0	0	1183	1183	16304	2.0A	True
9254	14440	4	1	1	0	0	881	881	16144	2.0A	True
9283	14504	5	1	1	0	0	944	944	16240	2.0A	True
9300	14526	15	3	2	0	1	5500	4000	16314,35176,16288	2.0A,2.0A,2.0A	True
9317	14547	13	1	1	0	0	2632	2632	16322	2.0A	True
9326	14566	5	2	1	0	1	6100	4300	43140,16771	2.0DHA,2.0A	True
9331	14575	5	2	2	0	0	5280	2880	60761,60763	2.0A,2.0A	True
9337	14582	4	2	1	0	1	3331	1800	16600,41584	2.0A,2.0A	True
9353	14605	13	1	1	0	0	2500	2500	16433	2.0DHA	True
9391	14662	8	2	2	0	0	4927	4000	65869,16527	2.0A,2.0A	True
9397	14670	2	2	1	0	1	6400	4000	16546,20185	2.0DHA,2.0A	True
9401	14681	5	3	2	0	1	5137	3033	17368,40438,50353	2.0A,2.0A,2.0A	True
9432	14730	6	1	1	0	0	1500	1500	16648	2.0A	True
9443	14744	8	3	1	0	2	7908	5280	16674,45754,46357	2.0DHA,2.0A,2.0A	True
9449	14752	6	1	1	0	0	2880	2880	16682	2.0A	True
9452	14755	1	2	1	0	1	5280	2880	44836,16828	2.0A,2.0A	True
9478	14788	10	1	1	0	0	2600	2600	16752	2.0DHA	True
9493	14813	30	1	1	0	0	16	16	16781	2.0DHA	True
9502	14832	7	1	1	0	0	1800	1800	17426	2.0A	True
9518	14859	2	2	1	0	1	4376	3500	16877,62695	2.0A,2.0DHA	True
9521	14862	15	2	1	0	1	4700	3200	16879,24173	2.0DHA,2.0A	True
9527	14874	1	3	0	0	3	8500	3600	17316,17127,55139	2.0DHA,2.0DHA,2.0A	True
9530	14877	6	3	1	0	2	5195	3593	17046,60488,17296	2.0A,2.0A,2.0A	True
9533	14880	10	1	1	0	0	3300	3300	16954	2.0A	True
9552	14909	14	2	1	0	1	4800	2400	74748,17262	2.0A,2.0A	True
9553	14911	2	1	1	0	0	1800	1800	16979	2.0A	True
9556	14921	7	1	1	0	0	1324	1324	17000	2.0A	True
9557	14922	21	1	1	0	0	5000	5000	17005	2.0A	True
9560	14925	12	1	1	0	0	1483	1483	17011	2.0A	True
9566	14939	10	4	4	0	0	6180	2900	63747,63749,63740,20723	2.0A,2.0A,2.0A,2.0A	True
9574	14951	17	1	1	0	0	6455	6455	17144	2.0A	True
9595	15001	6	2	0	0	2	5280	2880	17129,67927	2.0A,2.0A	True
9597	15005	10	1	1	0	0	3356	3356	17542	2.0A	True
9609	15020	10	1	1	0	0	2421	2421	17174	2.0A	True
9616	15029	10	3	1	0	2	6317	3946	18185,51157,46604	2.0A,2.0A,2.0A	True
9649	15106	14	3	2	0	1	6137	3249	17614,42739,17334	2.0A,2.0A,2.0A	True
9664	15131	10	1	1	0	0	1545	1545	17342	2.0A	True
9689	15180	8	1	1	0	0	2023	2023	17815	2.0A	True
9707	15207	10	1	1	0	0	1800	1800	17457	2.0A	True
9721	15247	8	1	1	0	0	2400	2400	18094	2.0A	True
9726	15252	6	3	1	0	2	15000	9480	40259,17651,20584	2.0DHA,2.0A,2.0A	True
9729	15257	1	1	1	0	0	1489	1489	17608	2.0A	True
9731	15259	30	3	1	0	2	5000	2200	18555,18569,19769	2.0A,2.0A,2.0A	True
9734	15262	7	1	0	0	1	1498	1498	17549	2.0A	True
9740	15270	3	1	1	0	0	2100	2100	17564	2.0A	True
9755	15293	13	1	1	0	0	4000	4000	22831	2.0A	True
9760	15305	5	1	1	0	0	1296	1296	17633	2.0A	True
9764	15309	1	1	1	0	0	2400	2400	18136	2.0DHA	True
9766	15316	7	1	1	0	0	1168	1168	18090	2.0A	True
9780	15340	5	1	1	0	0	900	900	44746	2.0A	True
9782	15344	3	1	1	0	0	628	628	17697	2.0A	True
9801	15370	20	3	3	0	0	17160	9480	17734,17744,17736	2.1A,2.0A,2.0A	True
9858	15486	5	2	1	0	1	7680	5280	19145,66363	2.0A,2.0A	True
9859	15490	2	2	1	0	1	865	600	17955,28133	2.0A,2.0A	True
9860	15491	1	1	1	0	0	1800	1800	60620	2.0DHA	True
9863	15496	6	2	1	0	1	5306	3732	62709,52906	2.0A,2.0A	True
9877	15528	12	1	1	0	0	2880	2880	52559	2.0A	True
9884	15541	15	1	1	0	0	2880	2880	18043	2.0A	True
9888	15549	30	2	0	0	2	4840	3840	18240,18080	2.0A,2.0A	True
9895	15566	6	1	1	0	0	2500	2500	18179	2.0A	True
9900	15579	1	1	1	0	0	360	360	18096	2.0A	True
9932	15628	6	1	1	0	0	2400	2400	18197	2.0A	True
9938	15636	10	1	1	0	0	11000	11000	18307	2.0A	True
9960	15670	7	1	1	0	0	3411	3411	18366	2.0A	True
9965	15675	6	5	2	0	3	13800	3840	30803,68504,18625,59052,59406	2.0A,2.0A,2.0A,2.0A,2.0A	True
9970	15687	11	2	1	0	1	6500	4000	23536,18362	2.0A,2.0A	True
9997	15733	1	1	1	0	0	1055	1055	37521	2.0A	True
10011	15761	10	2	1	0	1	4710	2544	18395,59643	2.0A,2.0A	True
10016	15770	4	1	1	0	0	1800	1800	21144	2.0A	True
10031	15807	7	1	1	0	0	2880	2880	18454	2.0A	True
10052	15842	8	1	1	0	0	2880	2880	18551	2.0A	True
10058	15853	3	1	1	0	0	2400	2400	18563	2.0A	True
10093	15927	9	1	1	0	0	2192	2192	18851	2.0A	True
10107	15948	7	1	1	0	0	2400	2400	18717	2.0DHA	True
10134	16004	9	1	1	0	0	2318	2318	23671	2.0A	True
10153	16046	16	3	2	0	1	4923	1800	45371,49307,40898	2.0A,2.0A,2.0A	True
10155	16048	1	1	1	0	0	5500	5500	25228	2.0A	True
10182	16115	2	5	1	0	4	10985	3798	41974,53611,40801,41343,19011	2.0A,2.0A,2.0A,2.0A,2.0DHA	True
10235	16212	9	1	1	0	0	2400	2400	19670	2.0A	True
10247	16228	4	1	1	0	0	1600	1600	20136	2.0A	True
10254	16235	18	2	2	0	0	4500	3000	24620,24618	2.0A,2.0A	True
10260	16246	10	1	1	0	0	220	220	25115	2.0A	True
10267	16258	50	3	3	0	0	8720	4500	24973,19300,24971	2.0A,2.0DHA,2.0A	True
10272	16267	1	4	1	0	3	7433	2033	44047,67588,19305,19331	2.0DHA,2.0A,2.0DHA,2.0A	True
10275	16288	2	1	1	0	0	1198	1198	19337	2.0A	True
10277	16293	25	2	2	0	0	5164	3137	52986,19357	2.0A,2.0A	True
10288	16324	14	1	1	0	0	2400	2400	19499	2.0A	True
10292	16330	20	1	1	0	0	2223	2223	19391	2.1DHA	True
10346	16469	6	1	1	0	0	4500	4500	19535	2.0DHA	True
10351	16480	4	2	1	0	1	4100	3000	19756,19562	2.0A,2.0A	True
10402	16585	9	1	1	0	0	2000	2000	19798	2.0A	True
10409	16596	5	1	1	0	0	2400	2400	19752	2.0DHA	True
10421	16624	7	3	2	0	1	3901	2400	19790,19792,64615	2.0A,2.0A,2.0A	True
10442	16660	5	1	1	0	0	5209	5209	25165	2.0A	True
10448	16683	2	1	1	0	0	1800	1800	20219	2.0A	True
10463	16711	2	2	1	0	1	4800	2400	21730,44226	2.0A,2.0A	True
10484	16739	6	2	1	0	1	4400	2400	67484,19990	2.0A,2.0A	True
10488	16751	9	1	1	0	0	2895	2895	19960	2.0A	True
10493	16762	1	1	1	0	0	1376	1376	19996	2.0A	True
10498	16774	5	5	0	0	5	16995	9480	33683,66911,55956,66683,22720	2.0A,2.1DHA,2.0A,2.0A,2.0A	True
10504	16787	1	1	1	0	0	3000	3000	20100	2.0DHA	True
10516	16807	2	1	1	0	0	1368	1368	20060	2.0A	True
10523	16817	10	1	1	0	0	2600	2600	20169	2.0DHA	True
10557	16899	2	2	2	0	0	12880	10000	20195,66528	2.0DHA,2.0A	True
10563	16909	10	1	1	0	0	2880	2880	20215	2.0A	True
10564	16910	10	1	1	0	0	2100	2100	20217	2.0A	True
10570	16921	8	1	1	0	0	1800	1800	51776	2.0A	True
10572	16923	6	1	1	0	0	2880	2880	20244	2.0A	True
10573	16924	5	3	2	0	1	7400	3500	20266,20262,30095	2.0A,2.0A,2.0A	True
10579	16932	4	1	1	0	0	2880	2880	21056	2.0A	True
10589	16945	10	1	1	0	0	2400	2400	24408	2.0A	True
10599	16969	6	1	1	0	0	400	400	20437	2.0A	True
10606	16984	3	1	1	0	0	2400	2400	20321	2.0A	True
10617	17001	24	1	1	0	0	7998	7998	20347	2.0DHA	True
10625	17016	6	5	2	0	3	5341	1763	20785,20799,20827,20719,36882	2.0A,2.0A,2.0A,2.0A,2.0A	True
10632	17024	12	1	0	1	0	1400	1400	20373	2.0A	True
10635	17028	1	2	0	0	2	7756	4154	28398,22385	2.0DHA,2.0DHA	True
10645	17047	3	1	1	0	0	1041	1041	20433	2.0A	True
10665	17084	11	5	0	0	5	10880	2880	41245,32305,41247,41988,41986	2.0A,2.0A,2.0A,2.0A,2.0A	True
10680	17146	11	1	1	0	0	3281	3281	21255	2.0A	True
10689	17167	5	1	1	0	0	3400	3400	31761	2.0A	True
10698	17178	31	0	0	0	0	None	None	None	None	True
10714	17205	4	3	3	0	0	5036	1877	45079,45077,22813	2.0A,2.0A,2.0A	True
10722	17215	10	1	1	0	0	5280	5280	22433	2.0A	True
10728	17225	10	2	1	0	1	4474	2500	20681,57015	2.0A,2.0A	True
10733	17235	1	1	1	0	0	1500	1500	20693	2.0DHA	True
10745	17256	2	2	1	0	1	6840	5040	37261,23630	2.0DHA,2.0A	True
10768	17302	2	1	1	0	0	547	547	21114	2.0A	True
10787	17347	3	1	0	0	1	1269	1269	23015	2.0A	True
10814	17396	7	4	2	0	2	10560	2880	23643,69298,67805,69296	2.0A,2.0A,2.0A,2.0A	True
10819	17407	10	1	1	0	0	3500	3500	30901	2.0A	True
10822	17410	12	3	2	0	1	5658	2158	33124,22752,20979	2.0A,2.0A,2.0A	True
10834	17432	7	1	1	0	0	1983	1983	27103	2.0A	True
10853	17471	6	1	1	0	0	1000	1000	53058	2.0DHA	True
10855	17473	14	2	1	1	0	4080	2880	24661,57716	2.0A,2.0A	True
10857	17475	10	1	1	0	0	3890	3890	21126	2.0A	True
10876	17527	10	2	2	0	0	5280	2880	21194,21186	2.0A,2.0A	True
10890	17562	15	4	1	0	3	7486	4080	73401,33617,57474,73403	2.0A,2.0DHA,2.0DHA,2.0A	True
10897	17573	28	1	1	0	0	6000	6000	21259	2.0A	True
10928	17645	1	1	1	0	0	1800	1800	21375	2.0A	True
10976	17738	9	2	2	0	0	4800	2400	62124,33765	2.0A,2.0A	True
10980	17742	8	2	1	0	1	5880	3000	21931,72050	2.0DHA,2.0A	True
10993	17766	8	3	1	0	2	2867	2257	28704,21592,28696	2.0A,2.0DHA,2.0A	True
10996	17769	5	1	1	0	0	1825	1825	26322	2.0A	True
11006	17802	2	1	1	0	0	2400	2400	73296	2.0DHA	True
11025	17830	8	1	1	0	0	2400	2400	43349	2.0A	True
11032	17841	11	1	1	0	0	3195	3195	22173	2.0A	True
11048	17867	4	1	1	0	0	2400	2400	21879	2.0A	True
11052	17879	4	1	1	0	0	6000	6000	21732	2.1DHA	True
11059	17894	6	5	1	0	4	13882	6229	43098,51924,38742,22686,51978	2.0A,2.0A,2.0A,2.0A,2.0A	True
11072	17928	2	5	0	0	5	13800	3840	42441,29795,45265,50749,42437	2.0A,2.0DHA,2.0A,2.0A,2.0A	True
11095	17972	11	4	2	0	2	8898	4041	69808,69565,22280,21869	2.0A,2.0A,2.0A,2.0A	True
11099	17976	5	5	0	0	5	13238	5280	45387,22258,45473,41411,45451	2.0A,2.0DHA,2.0A,2.0A,2.0A	True
11101	17978	10	1	1	0	0	2700	2700	21889	2.0A	True
11103	17981	22	2	1	0	1	4099	2300	22111,57472	2.0DHA,2.0A	True
11111	17996	8	1	1	0	0	1031	1031	21923	2.0A	True
11120	18007	5	3	1	0	2	7722	3500	75856,58032,21875	2.0A,2.0A,2.0DHA	True
11136	18042	1	1	1	0	0	1800	1800	23250	2.0A	True
11137	18043	7	1	1	0	0	2251	2251	22082	2.0A	True
11148	18074	10	1	1	0	0	8500	8500	28573	2.0DHA	True
11149	18077	40	3	1	0	2	11900	11500	56812,22902,57192	2.1A,2.0DHA,3.0A	True
11155	18098	7	1	1	0	0	2000	2000	22177	2.0A	True
11175	18149	8	1	1	0	0	3000	3000	22962	2.0A	True
11185	18169	17	1	1	0	0	1200	1200	22662	2.1DHA	True
11189	18180	2	2	2	0	0	5760	2880	22123,43661	2.0A,2.0A	True
11194	18193	20	1	1	0	0	12042	12042	22791	2.0DHA	True
11206	18213	12	3	0	0	3	8312	4422	46620,39919,22236	2.0DHA,2.0DHA,2.0DHA	True
11216	18261	7	1	1	0	0	1922	1922	61342	2.0A	True
11222	18269	10	2	1	0	1	4800	2400	49384,22835	2.0A,2.0DHA	True
11258	18368	40	1	1	0	0	8000	8000	22537	2.0DHA	True
11282	18415	15	3	1	0	2	29000	15000	22520,22527,43439	3.0A,2.1DHA,2.0A	True
11293	18449	5	1	1	0	0	828	828	22624	2.0A	True
11307	18472	6	2	1	0	1	2800	2400	22754,64566	2.0A,2.0A	True
11309	18474	3	1	1	0	0	2200	2200	24327	2.0A	True
11345	18578	18	4	1	0	3	12600	6000	39051,37731,23158,23994	2.0DHS,2.0A,2.1A,2.0A	True
11384	18643	10	1	1	0	0	2429	2429	23386	2.0A	True
11438	18725	15	5	5	0	0	30300	15000	23727,25964,25962,57839,23001	2.1A,2.0A,2.0A,2.0A,2.0A	True
11443	18734	10	2	2	0	0	3042	2642	22995,22997	2.0A,2.0A	True
11487	18827	5	2	1	0	1	4130	2880	43744,33319	2.0A,2.0A	True
11505	18872	10	1	1	0	0	1800	1800	23179	2.0A	True
11538	18935	20	3	2	0	1	11876	6000	73425,30931,29736	2.0A,2.0A,2.0DHA	True
11579	19028	3	1	1	0	0	3840	3840	24448	2.0A	True
11591	19048	10	1	1	0	0	2400	2400	24160	2.0A	True
11602	19068	20	3	2	0	1	25700	20000	46225,23400,46215	2.0A,2.0A,2.0A	True
11611	19079	6	2	1	0	1	4379	2747	24179,50711	2.0DHA,2.0DHA	True
11643	19142	2	2	2	0	0	3600	1800	24522,59942	2.0A,2.0A	True
11659	19177	8	1	1	0	0	2400	2400	25056	2.0A	True
11675	19214	10	1	1	0	0	2000	2000	23845	2.0A	True
11722	19290	4	2	1	0	1	4800	2400	24539,23932	2.0A,2.0A	True
11731	19310	6	2	1	0	1	4800	2400	43784,23977	2.0A,2.0A	True
11737	19323	17	1	1	0	0	3900	3900	24929	2.0A	True
11767	19406	4	2	1	1	0	3990	2880	28729,63689	2.0A,2.0A	True
11779	19450	14	1	1	0	0	1800	1800	23963	2.0A	True
11784	19460	2	1	1	0	0	5	5	24002	2.0DHA	True
11812	19546	1	1	1	0	0	1676	1676	25075	2.0A	True
11821	19563	3	3	1	0	2	6000	2400	70129,70127,24156	2.0A,2.0A,2.0DHA	True
11823	19565	9	1	1	0	0	1870	1870	24168	2.0A	True
11850	19617	5	1	1	0	0	1300	1300	26047	2.0A	True
11853	19620	3	1	1	0	0	10000	10000	24476	2.1DHA	True
11857	19626	6	2	0	1	1	3662	1995	24442,25023	2.0DHA,2.0A	True
11859	19628	2	0	0	0	0	None	None	None	None	True
11872	19668	20	4	1	0	3	10440	3840	25270,38123,48518,65613	2.0A,2.0A,2.0A,2.0A	True
11880	19687	6	1	1	0	0	2400	2400	24551	2.0DHA	True
11896	19731	10	1	1	0	0	2000	2000	24668	2.0A	True
11937	19821	14	1	1	0	0	2400	2400	24645	2.0A	True
11962	19887	8	1	1	0	0	2400	2400	28993	2.0A	True
11967	19892	20	1	1	0	0	1800	1800	31874	2.0A	True
11973	19906	14	1	1	0	0	2880	2880	32059	2.0A	True
11977	19914	10	2	1	0	1	4800	2400	27836,61253	2.0DHA,2.0A	True
12022	20047	8	2	1	0	1	4200	2400	25655,72489	2.0A,2.0A	True
12031	20065	10	1	1	0	0	2400	2400	25801	2.0A	True
12046	20104	9	1	1	0	0	2400	2400	24977	2.0A	True
12074	20152	1	1	1	0	0	18	18	25061	2.0A	True
12078	20156	3	5	3	0	2	2467	1072	61532,40807,30023,62842,32843	2.0A,2.0A,2.0DHA,2.0A,2.0DHA	True
12085	20167	10	2	1	0	1	3945	2700	30872,39835	2.0A,2.0A	True
12090	20180	40	5	2	0	3	7517	2459	60015,53832,52788,60013,31110	2.0DHA,2.0DHA,2.0DHA,2.0A,2.0A	True
12101	20217	10	3	1	0	2	12380	5280	49602,25153,64276	2.0DHA,2.0A,2.0A	True
12106	20228	2	1	1	0	0	1800	1800	25171	2.0A	True
12158	20336	9	1	1	0	0	3800	3800	30662	2.0A	True
12159	20337	7	2	1	0	1	7000	3500	25449,64831	2.0DHA,2.0A	True
12165	20367	6	1	1	0	0	2400	2400	27704	2.0DHA	True
12172	20375	13	3	2	1	0	13900	9000	25503,25473,43152	2.0DHS,2.1A,2.1DHA	True
12180	20397	25	5	1	0	4	18670	7000	47947,38378,25427,38289,66323	2.1DHA,2.0A,2.0A,2.0A,2.0A	True
12184	20405	10	1	1	0	0	2880	2880	25450	2.0A	True
12196	20447	21	4	2	1	1	17800	10000	29592,34995,25558,74734	2.0A,2.0DHA,2.0DHA,2.0A	True
12224	20494	6	1	1	0	0	1800	1800	25608	2.0A	True
12226	20500	10	1	1	0	0	1800	1800	25663	2.0A	True
12227	20505	4	1	1	0	0	364	364	37243	2.0A	True
12258	20577	5	3	2	0	1	6960	2880	41353,25775,74861	2.0A,2.0A,2.0DHA	True
12284	20630	3	1	1	0	0	2400	2400	25811	2.0A	True
12310	20696	1	1	1	0	0	2400	2400	25932	2.0A	True
12314	20704	10	1	1	0	0	2442	2442	47937	2.0A	True
12348	20796	10	2	1	0	1	6340	3840	39518,51035	2.0A,2.0DHA	True
12371	20841	20	1	1	0	0	16000	16000	26172	3.0A	True
12374	20844	5	1	1	0	0	2020	2020	26178	2.0A	True
12380	20864	1	0	0	0	0	None	None	None	None	True
12383	20869	2	1	1	0	0	1161	1161	26207	2.0DHA	True
12384	20872	15	4	2	0	2	6597	2717	70486,70940,26890,46642	2.0A,2.0A,2.0A,2.0A	True
12401	20934	12	1	1	0	0	3600	3600	26638	2.0A	True
12434	21020	16	1	1	0	0	2400	2400	26467	2.0A	True
12435	21021	10	2	1	0	1	7274	4391	47540,26686	2.0A,2.0A	True
12446	21040	4	2	1	0	1	4200	2400	29504,29506	2.0DHA,2.0A	True
12447	21041	5	1	1	0	0	3671	3671	26501	2.0A	True
12477	21102	4	1	1	0	0	2430	2430	27094	2.0A	True
12484	21117	17	1	1	0	0	1569	1569	27007	2.0A	True
12492	21140	17	1	1	0	0	4462	4462	27524	2.0A	True
12495	21148	6	4	3	0	1	4194	2046	31665,31664,31663,26679	2.0DHA,2.0A,2.0A,2.0DHA	True
12512	21169	3	3	1	0	2	4410	3000	36514,51741,51747	2.0A,2.0A,2.0A	True
12513	21170	10	1	1	0	0	3652	3652	26700	2.0A	True
12515	21179	10	2	1	0	1	9400	6700	36759,28077	3.0A,2.0DHA	True
12517	21182	20	3	0	1	2	7300	6000	37045,37044,26713	2.0A,2.0A,2.0A	True
12530	21210	6	2	2	0	0	15250	13000	27374,62268	2.0A,2.0A	True
12546	21234	5	1	1	0	0	2400	2400	26778	2.0A	True
12547	21235	10	2	2	0	0	3446	2844	64735,73038	2.0A,2.0A	True
12578	21314	5	3	1	0	2	4676	1759	54199,26900,28343	2.0A,2.0A,2.0A	True
12598	21341	11	1	1	0	0	2996	2996	28742	2.0A	True
12626	21396	2	1	1	0	0	650	650	27386	2.0A	True
12663	21473	3	2	1	0	1	5640	3840	27211,46703	2.0A,2.0A	True
12713	21569	15	1	1	0	0	2559	2559	28769	2.0DHA	True
12733	21621	12	2	2	0	0	2050	1250	27522,34482	2.0A,2.0A	True
12749	21659	6	1	1	0	0	2500	2500	27556	2.0A	True
12753	21665	5	1	1	0	0	2880	2880	27738	2.0A	True
12768	21697	5	1	1	0	0	1800	1800	52431	2.0A	True
12820	21848	8	1	1	0	0	2400	2400	27854	2.0A	True
12836	21882	10	2	1	0	1	7358	5356	27900,63101	2.0A,2.0A	True
12889	21984	5	2	2	0	0	4000	2000	30227,60993	2.0A,2.0A	True
12900	22003	5	1	1	0	0	4000	4000	28121	2.0A	True
12904	22009	13	1	1	0	0	1800	1800	28131	2.0A	True
12917	22046	5	1	1	0	0	1536	1536	28557	2.0A	True
12940	22108	5	1	1	0	0	1800	1800	28276	2.0DHA	True
12955	22142	5	1	1	0	0	2880	2880	28478	2.0A	True
12976	22184	11	1	1	0	0	3535	3535	28405	2.0DHA	True
12981	22205	15	2	1	1	0	3600	1800	29665,28494	2.0A,2.0A	True
12999	22251	7	1	1	0	0	8000	8000	28521	2.0DHA	True
13102	22499	8	1	1	0	0	2	2	29061	2.0DHA	True
13111	22515	4	1	1	0	0	1800	1800	28958	2.0A	True
13114	22519	2	1	1	0	0	4000	4000	28964	2.0A	True
13121	22526	8	1	1	0	0	1800	1800	29055	2.0A	True
13130	22535	5	1	1	0	0	1500	1500	29532	2.0A	True
13133	22541	5	2	1	0	1	8014	6785	33094,45752	2.0A,2.1A	True
13145	22571	15	4	3	0	1	11500	4800	59244,34863,62644,59240	2.0A,2.0A,2.0A,2.0A	True
13165	22619	15	1	1	0	0	3089	3089	29165	2.0A	True
13184	22649	5	2	1	0	1	11880	9480	46525,29229	2.0A,2.0A	True
13185	22650	1	3	0	0	3	1267	1170	48691,38392,32475	2.0A,2.0A,2.0A	True
13207	22696	1	1	1	0	0	450	450	29307	2.0DHA	True
13213	22711	15	1	1	0	0	3350	3350	35600	2.0A	True
13221	22730	3	2	1	0	1	6700	5400	29976,58260	2.0A,2.0A	True
13227	22743	20	4	3	0	1	12960	3840	54173,39807,69155,39811	2.0A,2.0DHA,2.0A,2.0DHA	True
13228	22762	10	1	1	0	0	600	600	31322	2.0DHA	True
13250	22830	1	1	1	0	0	2000	2000	31799	2.0A	True
13257	22843	8	1	1	0	0	1700	1700	29878	2.0A	True
13268	22874	3	2	1	0	1	10400	8000	29581,61735	2.0A,2.0DHA	True
13283	22901	14	1	1	0	0	3000	3000	29672	2.0A	True
13288	22906	12	1	1	0	0	3840	3840	29637	2.0A	True
13338	23041	10	1	1	0	0	2400	2400	29819	2.0A	True
13342	23045	16	1	1	0	0	4000	4000	30555	2.0A	True
13361	23089	4	1	1	0	0	1800	1800	29913	2.0A	True
13374	23116	2	2	1	0	1	5180	2880	60755,57267	2.0A,2.0A	True
13382	23131	23	3	3	0	0	6600	2700	29995,50901,50903	2.0A,2.0A,2.0A	True
13384	23141	5	1	1	0	0	1300	1300	30826	2.0A	True
13390	23152	5	1	1	0	0	4000	4000	30151	2.1DHA	True
13426	23226	5	1	1	0	0	2500	2500	30312	2.0A	True
13440	23247	5	1	1	0	0	414	414	30130	2.0A	True
13453	23269	4	2	2	0	0	4200	2400	30306,30308	2.0A,2.0A	True
13464	23304	3	2	0	0	2	12000	9000	39665,35488	2.0A,2.0DHA	True
13467	23309	20	3	2	0	1	14000	6000	32567,30258,58870	2.0A,2.0A,2.0A	True
13468	23312	5	1	1	0	0	760	760	30304	2.0A	True
13475	23324	10	1	0	0	1	1000	1000	25803	2.0A	True
13524	23442	5	4	0	0	4	8136	2400	68912,34276,66267,35954	2.0A,2.0A,2.0A,2.0A	True
13534	23477	1	1	1	0	0	2700	2700	30537	2.0A	True
13546	23506	2	4	2	1	1	6857	2400	67789,35245,67797,39915	2.0A,2.0A,2.0A,2.0A	True
13549	23511	4	2	1	0	1	5600	4200	45353,44958	2.0A,2.0A	True
13575	23575	8	2	2	0	0	2034	1788	34488,31390	2.0A,2.0A	True
13620	23691	4	2	1	0	1	3600	3000	30856,65954	2.0A,3.0A	True
13630	23715	2	1	1	0	0	1800	1800	30925	2.0A	True
13638	23729	8	1	1	0	0	2000	2000	30956	2.0A	True
13668	23798	4	1	1	0	0	1800	1800	33434	2.0A	True
13672	23806	1	2	1	0	1	4200	2400	32404,31370	2.0DHA,2.0A	True
13681	23815	6	1	1	0	0	2000	2000	31096	2.0DHA	True
13682	23816	6	1	1	0	0	2500	2500	31100	2.0A	True
13688	23828	10	1	1	0	0	2880	2880	31118	2.0A	True
13696	23840	11	1	1	0	0	3000	3000	31146	2.0A	True
13701	23848	10	1	1	0	0	3447	3447	31161	2.0DHA	True
13710	23862	5	2	1	0	1	2760	2400	67496,31297	2.0A,2.0A	True
13728	23899	70	2	2	0	0	6002	3602	31387,31265	2.0DHA,2.0DHA	True
13770	23978	10	5	2	0	3	4914	2605	36018,35494,31613,31521,31584	2.0A,2.0A,2.0A,2.0A,2.0A	True
13800	24038	3	1	1	0	0	2276	2276	31519	2.0A	True
13821	24078	6	1	1	0	0	2400	2400	31658	2.0A	True
13841	24143	1	1	1	0	0	4000	4000	31742	2.0A	True
13844	24147	10	1	1	0	0	2700	2700	31670	2.0A	True
13851	24159	8	1	1	0	0	2400	2400	31736	2.0A	True
13869	24220	35	1	1	0	0	8127	8127	39655	2.1A	True
13871	24226	20	3	2	0	1	6661	3117	38882,31807,39089	2.0A,2.0A,2.0A	True
13873	24232	4	5	1	0	4	10040	2400	67131,33189,67079,46467,67129	2.0A,2.0A,2.0A,2.0A,2.0A	True
13907	24320	15	1	0	1	0	5000	5000	62228	2.0A	True
13915	24336	3	4	2	0	2	9188	3887	61466,68524,58854,32010	2.0A,2.0A,2.0A,2.0A	True
13935	24391	22	2	2	0	0	5500	4800	41445,59709	2.0A,2.0A	True
13937	24395	2	1	1	0	0	3828	3828	32248	2.0A	True
13990	24500	13	3	2	0	1	154144	150044	32327,32325,54823	2.0A,2.0A,2.0A	True
13993	24514	7	1	0	0	1	2283	2283	63056	2.0A	True
14013	24576	15	1	1	0	0	6140	6140	32560	2.0A	True
14018	24594	6	4	1	0	3	8880	2880	47326,68846,33810,74772	2.0A,2.0DHA,2.0A,2.0A	True
14024	24606	7	1	1	0	0	1900	1900	32487	2.0A	True
14042	24651	6	1	1	0	0	693	693	54660	2.0A	True
14047	24656	2	1	1	0	0	1700	1700	33181	2.0A	True
14053	24664	5	1	1	0	0	2900	2900	32563	2.0A	True
14065	24690	4	4	0	1	3	20720	13065	49862,71870,46581,47965	2.0DHA,2.0A,2.0A,2.0A	True
14072	24714	10	2	1	0	1	6180	3300	74256,37708	2.0A,2.0A	True
14079	24739	3	1	1	0	0	2833	2833	32671	2.0A	True
14091	24806	2	1	1	0	0	760	760	32740	2.0A	True
14114	24866	5	1	1	0	0	800	800	34318	2.0A	True
14121	24887	16	1	1	0	0	2880	2880	38133	2.0A	True
14126	24892	10	1	1	0	0	225	225	32900	2.0A	True
14172	24998	7	1	1	0	0	4300	4300	33138	2.0A	True
14176	25002	5	5	1	0	4	15522	6656	60412,46646,45349,63581,33140	2.0A,2.0A,2.0DHA,2.0A,2.0DHA	True
14177	25008	8	1	1	0	0	2463	2463	33092	2.0DHA	True
14187	25034	6	2	1	0	1	3600	1800	66071,61427	2.0A,2.0A	True
14197	25052	6	1	1	0	0	322098	322098	33503	2.0DHA	True
14220	25100	5	1	1	0	0	1800	1800	33237	2.0A	True
14226	25112	6	3	1	0	2	6600	2400	70336,66341,33450	2.0A,2.0A,2.0A	True
14274	25248	5	1	1	0	0	1018	1018	33438	2.0A	True
14320	25356	6	2	2	0	0	1267	1212	33653,56201	2.0A,2.0A	True
14379	25484	4	1	1	0	0	700	700	34041	2.0A	True
14383	25502	1	1	1	0	0	1800	1800	35074	2.0A	True
14395	25528	10	1	1	0	0	2323	2323	35380	2.0A	True
14403	25542	11	1	1	0	0	2400	2400	33952	2.0A	True
14416	25579	1	1	1	0	0	95000	95000	34208	2.0A	True
14424	25607	3	1	1	0	0	2347	2347	34045	2.0A	True
14432	25631	6	3	3	0	0	1482	930	34094,34413,34092	2.0A,2.0A,2.0A	True
14435	25644	3	1	1	0	0	3692	3692	34098	2.0A	True
14452	25679	11	0	0	0	0	None	None	None	None	True
14456	25683	12	1	1	0	0	4420	4420	34162	2.0A	True
14461	25694	5	1	1	0	0	1000	1000	34186	2.0A	True
14465	25700	10	4	2	0	2	11924	7000	39449,34193,72060,34202	2.0A,2.0A,2.0A,2.0A	True
14478	25733	15	1	1	0	0	2400	2400	34266	2.0A	True
14499	25786	2	2	2	0	0	4900	2500	60133,34364	2.0A,2.0A	True
14524	25837	7	2	2	0	0	11880	9480	41435,35070	2.0A,2.0A	True
14525	25849	2	3	1	0	2	4419	2169	71807,71809,34492	2.0A,2.0A,2.0DHA	True
14542	25881	20	1	1	0	0	8500	8500	34563	2.0DHA	True
14557	25902	4	1	1	0	0	2000	2000	34664	2.0DHA	True
14563	25916	50	1	1	0	0	40	40	34623	2.0A	True
14565	25918	5	1	0	0	1	4400	4400	64229	2.0A	True
14566	25920	2	4	1	0	3	9123	4061	34634,63829,45892,47340	2.0A,2.0A,2.0A,2.0A	True
14572	25934	20	1	1	0	0	5232	5232	34666	2.0DHA	True
14583	25960	2	3	1	0	2	5650	2400	47681,54747,34706	2.0A,2.0A,2.0A	True
14607	26034	5	2	1	1	0	3000	2400	34808,34806	2.0A,2.0A	True
14614	26043	5	2	1	0	1	3506	2014	43592,53587	2.0DHA,2.0A	True
14624	26070	20	1	1	0	0	5280	5280	40682	2.0A	True
14625	26071	18	1	1	0	0	985	985	34935	2.0DHA	True
14669	26162	7	1	1	0	0	2400	2400	36729	2.0A	True
14694	26225	5	1	1	0	0	1636	1636	39215	2.0A	True
14716	26298	20	9	5	0	4	20500	3000	36300,36289,57421,36293,36317,53292,63266,36313,36297	2.0A,2.0A,2.0A,2.0A,2.0A,2.1A,2.0A,2.0A,2.0A	True
14722	26310	9	1	1	0	0	2400	2400	47048	2.0A	True
14723	26311	6	1	1	0	0	1427	1427	35239	2.0A	True
14727	26320	12	1	1	0	0	1222	1222	35227	2.0A	True
14739	26349	12	2	2	0	0	2150	2000	52851,35273	2.0A,2.0DHA	True
14770	26413	10	1	1	0	0	2400	2400	35399	2.0A	True
14793	26449	23	1	1	0	0	1800	1800	35484	2.0DHA	True
14802	26471	3	1	1	0	0	1500	1500	35496	2.0A	True
14821	26518	8	1	1	0	0	1894	1894	35576	2.0A	True
14825	26525	15	1	1	0	0	3840	3840	35588	2.0A	True
14830	26532	3	2	1	0	1	3180	1800	35648,36335	2.0A,2.0A	True
14835	26542	6	2	2	0	0	1980	1200	36658,36921	2.0A,2.0A	True
14862	26601	8	1	1	0	0	1991	1991	47770	2.0DHA	True
14868	26619	12	1	1	0	0	3000	3000	35774	2.0A	True
14884	26644	90	1	1	0	0	31291	31291	37005	3.0A	True
14890	26664	2	1	0	0	1	2105	2105	35913	2.0A	True
14944	26767	7	1	1	0	0	1550	1550	49614	2.0A	True
14987	26852	9	1	1	0	0	2880	2880	36695	2.0A	True
14992	26863	70	1	1	0	0	9230	9230	36167	2.1DHA	True
14993	26864	5	1	1	0	0	7000	7000	37311	2.0A	True
14998	26874	17	6	2	0	4	14260	2880	69014,51217,36180,52885,52658,50824	2.0A,2.0A,2.0A,2.0A,2.0A,2.0A	True
15000	26878	10	2	2	0	0	2990	1800	56793,36205	2.0A,2.0A	True
15025	26925	12	1	1	0	0	2985	2985	36273	2.0A	True
15029	26931	3	2	1	0	1	6720	3840	66508,36797	2.0A,2.0A	True
15061	27001	19	1	1	0	0	800	800	40837	2.0DHA	True
15099	27076	10	1	1	0	0	1343	1343	44756	2.0A	True
15100	27083	10	1	1	0	0	3500	3500	36972	2.0A	True
15138	27164	20	2	1	0	1	16500	12000	36669,48562	2.0A,2.0A	True
15153	27213	3	1	1	0	0	1500	1500	36743	2.0A	True
15157	27221	7	1	1	0	0	1400	1400	36771	2.0A	True
15187	27303	20	1	1	0	0	3840	3840	36914	2.0A	True
15189	27305	12	1	1	0	0	2400	2400	36952	2.0A	True
15196	27324	5	2	1	0	1	3600	1800	42886,36939	2.0A,2.1A	True
15227	27392	12	1	1	0	0	4200	4200	37031	2.0DHA	True
15234	27414	1	2	0	0	2	2817	1866	41405,41407	2.0A,2.0A	True
15251	27455	1	2	1	0	1	4680	2880	74637,37167	2.0DHA,2.0A	True
15262	27478	8	1	1	0	0	1800	1800	37296	2.0A	True
15277	27528	6	1	1	0	0	2400	2400	37326	2.0A	True
15280	27535	20	1	1	0	0	2880	2880	37290	2.0DHA	True
15290	27566	8	2	1	0	1	8880	5280	37545,62970	2.0A,2.0DHA	True
15324	27654	5	1	1	0	0	2400	2400	64181	2.0A	True
15334	27681	8	1	1	0	0	1800	1800	37550	2.0DHA	True
15351	27723	11	1	1	0	0	3074	3074	38250	2.0DHA	True
15417	27878	10	2	1	0	1	3700	2500	37892,38121	2.0A,2.0A	True
15429	27902	11	1	1	0	0	2800	2800	38258	2.0A	True
15453	27983	1	7	1	0	6	26744	9480	46790,45315,66423,67528,60575,42743,47102	2.0A,2.0A,2.0DHA,2.0A,2.0A,2.1A,2.0DHA	True
15456	27995	8	1	1	0	0	3000	3000	38117	2.0A	True
15480	28047	6	3	2	0	1	7900	3700	38191,45043,38193	2.0DHA,2.0DHA,2.0DHA	True
15509	28115	7	1	1	0	0	1600	1600	38271	2.0A	True
15513	28121	15	1	1	0	0	3500	3500	38281	2.0DHA	True
15529	28156	6	1	0	1	0	3000	3000	38350	2.0A	True
15531	28160	15	1	1	0	0	2800	2800	39334	2.0A	True
15542	28179	20	1	1	0	0	3350	3350	38354	2.0A	True
15573	28264	8	1	1	0	0	1846	1846	38633	2.0A	True
15575	28266	10	2	1	0	1	11169	6851	48745,38484	2.0A,2.0DHA	True
15577	28268	6	2	1	0	1	3800	2000	38460,64269	2.0A,2.0A	True
15580	28274	5	2	1	0	1	16800	14400	59398,52648	3.0A,2.0A	True
15595	28303	10	2	2	0	0	3746	2017	39865,52627	2.0A,2.0DHA	True
15604	28317	14	2	2	0	0	3518	3484	53776,38520	2.0A,2.0A	True
15613	28335	10	1	1	0	0	1800	1800	38594	2.0A	True
15618	28342	15	2	2	0	0	4300	2800	38564,48181	2.0A,2.0DHA	True
15623	28347	10	1	1	0	0	1750	1750	38600	2.0DHA	True
15628	28357	10	3	2	1	0	5420	3911	39035,54793,39037	2.0A,2.0A,2.0DHA	True
15642	28385	16	2	2	0	0	5280	2880	49748,38625	2.0A,2.0DHA	True
15647	28396	6	1	1	0	0	2400	2400	38637	2.0A	True
15667	28447	2	1	1	0	0	2400	2400	39759	2.0A	True
15689	28516	8	1	1	0	0	660	660	38762	2.0A	True
15707	28544	32	3	2	1	0	7680	2880	38814,48538,45162	2.0A,2.0A,2.0A	True
15748	28625	7	2	1	0	1	5280	2880	38966,59374	2.0A,2.0A	True
15752	28629	11	2	2	0	0	2820	2520	39257,39263	2.0A,2.0A	True
15789	28687	16	1	1	0	0	3000	3000	39061	2.0A	True
15794	28696	20	1	1	0	0	4250	4250	39081	2.0DHA	True
15798	28705	6	1	1	0	0	2880	2880	39211	2.0A	True
15803	28711	10	1	1	0	0	2400	2400	39741	2.0A	True
15811	28733	12	3	1	0	2	8576	3126	63461,59234,39153	2.0DHA,2.0A,2.0A	True
15858	28836	10	1	1	0	0	4712	4712	39318	2.0DHA	True
15865	28843	5	1	1	0	0	2400	2400	45608	2.0A	True
15880	28864	11	1	1	0	0	2400	2400	40121	2.0A	True
15881	28867	10	1	1	0	0	1800	1800	39358	2.0A	True
15888	28880	25	2	1	0	1	6400	4000	48015,39377	2.0A,2.0DHA	True
15929	28974	4	1	1	0	0	1100	1100	44610	2.0A	True
15933	28981	15	1	1	0	0	2400	2400	52994	2.0A	True
15960	29043	5	1	1	0	0	2880	2880	39635	2.0A	True
15968	29069	7	1	1	0	0	2400	2400	39675	2.0A	True
16049	29278	17	2	2	0	0	4700	3500	40007,40005	2.0A,2.0A	True
16053	29286	25	1	1	0	0	4900	4900	40019	2.0A	True
16062	29303	13	1	1	0	0	2400	2400	40051	2.0A	True
16070	29318	5	2	1	0	1	6880	4000	40362,40080	2.0A,2.0DHA	True
16084	29348	5	1	1	0	0	1483	1483	40123	2.0A	True
16090	29366	4	1	1	0	0	2300	2300	40498	2.0A	True
16101	29398	5	1	1	0	0	1137	1137	41880	2.0A	True
16116	29424	2	1	0	1	0	2880	2880	44896	2.0A	True
16121	29439	18	1	1	0	0	5200	5200	40263	2.0A	True
16186	29588	7	2	1	0	1	2670	2002	68006,42520	2.0A,2.0A	True
16218	29664	6	2	2	0	0	2225	2134	40658,40660	2.0A,2.0A	True
16230	29702	2	1	1	0	0	2555	2555	41502	2.0DHA	True
16231	29703	10	1	1	0	0	4259	4259	42999	2.0A	True
16244	29739	15	3	1	0	2	13132	6532	46892,45214,40721	2.0DHA,2.0DHA,2.0DHA	True
16259	29764	12	2	1	0	1	3345	1800	40749,64129	2.0A,2.0A	True
16268	29781	2	1	1	0	0	4512	4512	40775	2.0A	True
16276	29801	3	2	1	0	1	4800	2400	54700,55992	2.0A,2.0A	True
16332	29952	3	3	1	0	2	5146	2189	45419,45417,41021	2.0A,2.0A,2.0A	True
16348	29996	10	3	2	1	0	5309	2803	73384,73386,41088	2.0A,2.0A,2.0A	True
16355	30003	10	1	1	0	0	2500	2500	41110	2.0A	True
16366	30022	27	2	2	0	0	4680	2880	42876,59848	2.0A,2.0A	True
16387	30068	16	1	1	0	0	1776	1776	41201	2.0A	True
16406	30110	15	1	0	1	0	2185	2185	41291	2.0A	True
16446	30217	3	1	1	0	0	2880	2880	42375	2.0A	True
16460	30249	6	6	5	0	1	11878	3254	47615,47611,47587,44171,41552,47625	2.0A,2.0A,2.0A,2.0A,2.0A,2.1A	True
16477	30283	10	1	1	0	0	1800	1800	42720	2.0DHA	True
16499	30329	1	1	1	0	0	2000	2000	41682	2.0DHA	True
16501	30338	13	1	1	0	0	2780	2780	46584	2.0A	True
16503	30341	4	1	1	0	0	1024	1024	52609	2.0A	True
16511	30366	17	1	1	0	0	1803	1803	41714	2.0A	True
16563	30485	6	1	1	0	0	1800	1800	41872	2.0A	True
16582	30530	3	2	1	0	1	3600	1800	75858,42256	2.0DHA,2.0A	True
16588	30540	6	1	1	0	0	1436	1436	42355	2.0A	True
16602	30570	10	1	1	0	0	2880	2880	41998	2.0A	True
16605	30577	7	1	1	0	0	1800	1800	42012	2.0A	True
16625	30631	8	1	1	0	0	5280	5280	42963	2.0A	True
16632	30657	12	1	1	0	0	2880	2880	43629	2.0DHA	True
16635	30660	20	1	0	0	1	5000	5000	42502	2.0DHA	True
16636	30661	1	1	1	0	0	2000	2000	42128	2.0A	True
16660	30702	12	1	1	0	0	2880	2880	42582	2.0A	True
16669	30723	4	1	1	0	0	480	480	42228	2.0A	True
16684	30765	5	2	2	0	0	4068	3568	42304,42312	2.0A,2.0A	True
16687	30773	20	1	1	0	0	2880	2880	42676	2.0A	True
16693	30785	20	1	1	0	0	2800	2800	42684	2.0A	True
16711	30819	10	2	2	0	0	5280	2880	42628,42626	2.0A,2.0A	True
16721	30848	15	1	1	0	0	3888	3888	43116	2.0A	True
16776	30975	6	2	1	0	1	5411	4116	42794,71151	2.0DHA,2.0A	True
16789	30993	7	1	1	0	0	2086	2086	42696	2.0A	True
16810	31041	5	3	1	0	2	8640	3840	70638,43315,70636	2.0A,2.0DHA,2.0A	True
16824	31085	2	1	0	0	1	4500	4500	42844	2.0A	True
16827	31090	7	2	1	0	1	4200	2400	43086,42846	2.0A,2.0A	True
16859	31170	2	1	1	0	0	2565	2565	43001	2.0A	True
16861	31172	15	5	1	0	4	16860	4500	43003,66635,54276,62408,60033	2.0A,2.0A,2.0A,2.0DHA,2.0A	True
16868	31186	1	2	2	0	0	7017	5291	43011,43023	2.0DHA,2.0A	True
16871	31191	10	2	2	0	0	4200	2400	43144,43148	2.0A,2.0A	True
16877	31208	9	1	1	0	0	3300	3300	43049	2.0A	True
16903	31256	6	1	1	0	0	1913	1913	43333	2.0A	True
16930	31326	5	1	1	0	0	1500	1500	45716	2.0A	True
16932	31328	11	2	1	0	1	5055	2807	44200,59066	2.0A,2.0A	True
16936	31335	2	1	1	0	0	1387	1387	43309	2.0A	True
16949	31356	4	1	1	0	0	1023	1023	43409	2.0A	True
16964	31390	6	2	2	0	0	3650	2400	67149,43367	2.0A,2.0A	True
16971	31401	10	1	1	0	0	1116	1116	43385	2.0A	True
16979	31413	9	3	2	0	1	4020	2094	60510,43419,52092	2.0A,2.0A,2.0A	True
17004	31469	8	1	1	0	0	4722	4722	43501	2.0A	True
17016	31501	10	6	3	0	3	8042	2880	63555,51737,44569,58572,46503,64312	2.0A,2.0A,2.0A,2.0A,2.0A,2.0A	True
17026	31520	6	2	1	0	1	3113	1656	49034,48881	2.0A,2.0A	True
17038	31541	1	1	0	0	1	3840	3840	51206	2.0A	True
17071	31628	8	1	1	0	0	1900	1900	51840	2.0A	True
17080	31649	15	1	1	0	0	5014	5014	43782	2.0DHA	True
17087	31662	5	2	1	0	1	4700	3500	44097,52710	2.0A,2.0A	True
17088	31663	28	0	0	0	0	None	None	None	None	True
17108	31712	25	3	2	1	0	7080	3840	57039,57035,57037	2.0A,2.0A,2.0A	True
17113	31722	8	1	1	0	0	1858	1858	55385	2.0A	True
17145	31807	10	6	1	1	4	47400	14400	68996,44212,72383,66100,44202,45856	3.0A,2.0A,3.0A,2.0A,2.0A,2.0A	True
17168	31873	6	1	1	0	0	2400	2400	44089	2.0A	True
17178	31896	2	1	1	0	0	600	600	54441	2.0A	True
17206	31969	6	3	1	0	2	6671	2880	44272,52227,45373	2.0A,2.0A,2.0DHA	True
17239	32078	3	1	1	0	0	2400	2400	44575	2.0A	True
17246	32102	3	2	2	0	0	12400	10000	44391,44397	2.1DHA,2.0A	True
17260	32128	40	1	1	0	0	10081	10081	48727	2.0DHA	True
17262	32132	10	2	2	0	0	3419	2464	50869,44471	2.0A,2.0A	True
17263	32135	8	2	1	0	1	4654	3187	44748,52503	2.0A,2.0A	True
17298	32222	6	1	1	0	0	2068	2068	44626	2.0A	True
17310	32242	4	1	1	0	0	900	900	44646	2.0A	True
17313	32249	30	1	1	0	0	10075	10075	44668	2.0DHS	True
17332	32293	3	1	1	0	0	3840	3840	44731	2.0A	True
17340	32309	40	1	1	0	0	6113	6113	45121	2.0A	True
17344	32319	17	1	1	0	0	3500	3500	44782	2.0A	True
17359	32358	5	2	1	0	1	8840	5000	59082,44840	2.0A,2.0DHA	True
17361	32362	4	1	1	0	0	3	3	44848	2.0A	True
17362	32363	9	1	1	0	0	2400	2400	50201	2.0A	True
17365	32371	13	1	1	0	0	4091	4091	44852	2.0A	True
17371	32387	2	2	1	0	1	4200	2400	45545,72253	2.0A,2.0A	True
17373	32395	8	1	1	0	0	1500	1500	44892	2.0A	True
17380	32418	6	1	1	0	0	1800	1800	44914	2.0A	True
17385	32426	3	1	1	0	0	2000	2000	44946	2.0A	True
17391	32453	2	1	1	0	0	880	880	44966	2.0A	True
17415	32545	5	1	1	0	0	1436	1436	45113	2.0A	True
17421	32559	1	3	1	0	2	7200	2400	48274,46223,47334	2.0A,2.0A,2.0A	True
17452	32653	1	0	0	0	0	None	None	None	None	True
17465	32693	9	1	1	0	0	2400	2400	45325	2.0A	True
17476	32751	17	1	1	0	0	4000	4000	47876	2.0DHA	True
17481	32772	14	1	1	0	0	2900	2900	45441	2.0A	True
17502	32834	4	1	1	0	0	854	854	52274	2.0A	True
17528	32912	8	1	1	0	0	2000	2000	45655	2.0DHA	True
17531	32919	3	1	1	0	0	799	799	45702	2.0A	True
17532	32922	15	2	0	2	0	14880	12000	45653,50606	2.0A,2.0A	True
17545	32962	3	1	1	0	0	923	923	45710	2.0A	True
17579	33029	3	1	1	0	0	1054	1054	45814	2.0A	True
17626	33146	1	1	1	0	0	4122	4122	47074	2.0A	True
17631	33154	7	1	1	0	0	1752	1752	45974	2.0DHA	True
17632	33156	7	4	2	0	2	7200	2400	45996,54638,45994,49897	2.0A,2.0A,2.0A,2.0A	True
17639	33171	7	1	1	0	0	1183	1183	45998	2.0A	True
17668	33264	8	1	1	0	0	1999	1999	46121	2.0A	True
17696	33342	5	1	1	0	0	2400	2400	46245	2.0A	True
17726	33417	12	3	2	0	1	3732	2440	46671,46669,64973	2.0A,2.0A,2.0A	True
17821	33700	21	2	2	0	0	7800	6000	47302,47538	2.0DHA,2.0DHA	True
17841	33763	15	2	2	0	0	2352	1352	46920,49850	2.1DHA,2.0A	True
17848	33778	9	1	1	0	0	2880	2880	46868	2.0DHA	True
17859	33828	9	5	1	0	4	6280	2500	54004,48795,54002,53996,54000	2.0A,2.0A,2.0A,2.0A,2.0A	True
17871	33852	4	1	1	0	0	1800	1800	50265	2.0A	True
17877	33878	5	1	1	0	0	1300	1300	46990	2.0A	True
17887	33894	1	2	1	0	1	751	397	48408,47032	2.0A,2.0DHA	True
17905	33929	6	1	1	0	0	1388	1388	47098	2.0A	True
17906	33931	1	2	1	0	1	1985	1615	48378,51763	2.0A,2.0A	True
17913	33948	20	4	2	0	2	9960	2880	47128,47130,47134,47132	2.0DHA,2.0A,2.0A,2.0A	True
17924	33981	10	1	1	0	0	2500	2500	47184	2.0A	True
17960	34073	1	1	1	0	0	2500	2500	47306	2.0A	True
17991	34165	1	1	1	0	0	305	305	48146	2.0A	True
17999	34181	4	1	1	0	0	2400	2400	47454	2.0DHA	True
18033	34272	15	1	1	0	0	2880	2880	48476	2.0DHA	True
18043	34285	9	1	1	0	0	2400	2400	47623	2.0A	True
18090	34434	10	1	1	0	0	2930	2930	47923	2.0A	True
18094	34447	7	1	1	0	0	1800	1800	47836	2.0A	True
18125	34517	7	1	1	0	0	1800	1800	47971	2.0A	True
18158	34623	8	1	1	0	0	1900	1900	48595	2.0A	True
18159	34624	8	1	1	0	0	2157	2157	48116	2.0A	True
18167	34650	7	1	1	0	0	2400	2400	51312	2.0A	True
18170	34656	3	3	3	0	0	6000	2400	66569,63723,48233	2.0A,2.0A,2.0A	True
18235	34834	2	1	1	0	0	2400	2400	57630	2.0DHA	True
18240	34843	5	2	2	0	0	4800	2400	66562,48478	2.0A,2.0A	True
18306	35019	4	1	1	0	0	1800	1800	49110	2.0A	True
18307	35020	9	1	1	0	0	2400	2400	48733	2.0A	True
18322	35067	1	1	1	0	0	1800	1800	48765	2.0A	True
18348	35117	5	2	1	0	1	19900	18000	52000,48837	3.0A,2.0A	True
18374	35204	10	1	0	1	0	2400	2400	48946	2.0A	True
18385	35233	6	1	1	0	0	1578	1578	48986	2.0A	True
18410	35298	7	1	1	0	0	1580	1580	49128	2.0A	True
18424	35320	10	1	0	0	1	2000	2000	49221	2.0A	True
18434	35343	5	1	1	0	0	139	139	49182	2.0A	True
18455	35389	1	0	0	0	0	None	None	None	None	True
18495	35547	14	2	2	0	0	6000	4200	49473,66669	2.0A,2.0A	True
18497	35553	8	1	1	0	0	2400	2400	49477	2.0A	True
18515	35595	10	1	1	0	0	1500	1500	55535	2.0A	True
18541	35655	15	1	1	0	0	691	691	49818	2.0A	True
18568	35719	1	1	1	0	0	1800	1800	49989	2.0DHA	True
18621	35842	10	1	1	0	0	2400	2400	49965	2.0A	True
18655	35918	1	1	0	0	1	5280	5280	56856	2.0DHA	True
18676	35958	10	1	1	0	0	2433	2433	50165	2.0A	True
18679	35977	4	13	1	0	12	25923	3840	55982,50191,66111,66078,61935,66127,66538,66139,66080,55978,55980,66485,70827	2.0A,2.0A,2.0A,2.0A,2.0A,2.0A,2.0A,2.0A,2.0A,2.0A,2.0A,2.0A,2.0A	True
18736	36100	1	2	1	0	1	2300	1800	50379,67953	2.0A,2.0A	True
18749	36127	5	1	1	0	0	976	976	50441	2.0DHA	True
18760	36159	6	1	1	0	0	1653	1653	50487	2.0A	True
18770	36199	19	2	2	0	0	4680	2880	50546,50550	2.0A,2.0A	True
18779	36231	6	1	1	0	0	1618	1618	50618	2.0DHA	True
18783	36237	15	2	2	0	0	4300	2500	54006,50614	2.0A,2.0A	True
18786	36244	20	3	2	1	0	6600	2400	53060,50636,50948	2.0A,2.0A,2.0A	True
18808	36316	4	1	1	0	0	2000	2000	50739	2.0A	True
18820	36346	2	1	1	0	0	1800	1800	54252	2.0A	True
18850	36429	8	1	0	0	1	1800	1800	50969	2.0A	True
18852	36435	5	1	1	0	0	1390	1390	50938	2.0A	True
18861	36448	16	1	1	0	0	4100	4100	50951	2.0DHA	True
18873	36477	12	1	1	0	0	12000	12000	51015	2.1DHA	True
18891	36525	4	1	1	0	0	2697	2697	51059	2.0A	True
18911	36580	20	2	1	0	1	4200	2400	53766,56507	2.0A,2.0A	True
18919	36606	10	3	1	0	2	8640	3840	51202,56019,58369	2.0DHA,2.0DHA,2.0A	True
18921	36610	7	2	1	0	1	3662	1862	72343,51214	2.0A,2.0A	True
18924	36613	2	1	1	0	0	600	600	51556	2.0A	True
18933	36645	10	2	2	0	0	3328	2400	51247,51249	2.0A,2.0A	True
18941	36665	10	1	1	0	0	1650	1650	51286	2.0A	True
18949	36677	30	6	3	0	3	13000	4500	66552,69272,54584,68966,54125,60303	2.0A,2.0A,2.0A,2.0A,2.0A,2.0A	True
18954	36682	10	1	1	0	0	1800	1800	57470	2.0A	True
18989	36738	10	1	1	0	0	3840	3840	51388	2.0DHA	True
18991	36744	1	2	2	0	0	1763	1291	51404,51406	2.0DHA,2.0DHA	True
19015	36820	5	1	1	0	0	1300	1300	51502	2.0DHA	True
19059	36943	10	1	1	0	0	5248	5248	51699	2.0A	True
19064	36980	10	2	1	0	1	8160	5280	51749,67331	2.0A,2.0A	True
19087	37035	25	2	2	0	0	8023	4023	51844,51838	2.0A,2.0DHA	True
19113	37088	1	1	1	0	0	2400	2400	51914	2.0A	True
19120	37106	10	1	0	0	1	2750	2750	52760	2.0A	True
19140	37156	25	1	1	0	0	4280	4280	52108	2.0A	True
19166	37203	7	1	0	1	0	2100	2100	52064	2.0DHA	True
19192	37274	3	2	2	0	0	1327	746	67990,53380	2.0DHA,2.0DHA	True
19200	37290	5	1	1	0	0	2600	2600	52218	2.0A	True
19228	37347	3	3	2	0	1	6057	2894	65523,52278,69545	2.0A,2.0A,2.0A	True
19261	37435	7	1	1	0	0	1800	1800	52722	2.0DHA	True
19286	37493	11	1	1	0	0	1952	1952	52501	2.0DHA	True
19287	37498	3	1	1	0	0	2400	2400	52513	2.0A	True
19349	37641	4	1	1	0	0	1800	1800	59134	2.0A	True
19378	37705	2	1	1	0	0	2400	2400	52892	2.0A	True
19380	37707	5	1	1	0	0	8139	8139	52829	2.0A	True
19382	37715	5	1	1	0	0	2880	2880	54532	2.0A	True
19414	37778	8	2	2	0	0	2302	1711	54807,53365	2.0A,2.0A	True
19422	37792	15	1	1	0	0	2880	2880	53084	2.0A	True
19456	37864	10	2	1	0	1	4680	2880	61179,53260	2.0A,2.0A	True
19462	37880	10	1	1	0	0	5500	5500	53133	2.0A	True
19464	37886	5	2	1	1	0	3617	2400	56371,53111	2.0A,2.0A	True
19495	37945	11	1	1	0	0	3300	3300	53372	2.0A	True
19496	37946	10	3	3	0	0	4315	2390	53211,53207,53209	2.0A,2.0A,2.0A	True
19509	37973	20	1	1	0	0	5280	5280	53326	2.0DHA	True
19535	38020	3	1	1	0	0	569	569	53394	2.0A	True
19557	38076	1	1	1	0	0	409	409	53444	2.0A	True
19588	38124	10	2	1	0	1	4155	2355	55994,61545	2.0A,2.0A	True
19590	38126	37	3	3	0	0	9120	3840	53522,53524,53520	2.0A,2.0A,2.0A	True
19595	38141	5	2	2	0	0	4200	2400	53549,71886	2.0A,2.0A	True
19600	38154	10	2	0	0	2	2458	1438	56674,70081	2.0A,2.0A	True
19613	38183	6	1	1	0	0	1991	1991	53731	2.0DHA	True
19623	38196	10	1	1	0	0	2400	2400	53615	2.0DHA	True
19657	38273	5	2	1	0	1	4044	2650	53737,66611	2.0DHA,2.0A	True
19681	38352	4	1	1	0	0	1800	1800	53840	2.0A	True
19683	38360	5	1	1	0	0	1296	1296	54153	2.0A	True
19694	38390	2	1	0	0	1	1000	1000	53958	2.0A	True
19697	38399	1	1	1	0	0	3840	3840	53918	2.0DHA	True
19711	38430	1	1	1	0	0	957	957	53964	2.0A	True
19720	38450	5	1	1	0	0	1435	1435	53988	2.0A	True
19734	38471	3	1	1	0	0	2165	2165	54032	2.0A	True
19757	38519	20	1	1	0	0	5374	5374	54137	2.0A	True
19767	38557	20	1	1	0	0	4500	4500	54189	2.0DHA	True
19800	38620	10	1	1	0	0	2400	2400	54292	2.0A	True
19809	38642	1	1	1	0	0	469	469	54330	2.0A	True
19842	38711	8	1	1	0	0	1800	1800	54524	2.0A	True
19859	38741	12	1	1	0	0	2880	2880	54526	2.0DHA	True
19892	38809	13	1	1	0	0	12000	12000	54724	2.0A	True
19900	38825	27	2	2	0	0	6567	6000	55019,55023	2.0A,2.0A	True
19920	38860	3	1	0	0	1	1500	1500	56353	2.0DHA	True
19966	38960	3	1	1	0	0	2375	2375	60653	2.0A	True
19996	39033	9	1	1	0	0	2400	2400	54993	2.0DHA	True
20004	39047	5	1	1	0	0	1479	1479	55027	2.0A	True
20005	39050	11	2	2	0	0	4300	2300	55033,55035	2.0A,2.0A	True
20020	39101	3	1	1	0	0	3600	3600	56571	2.0A	True
20031	39126	11	1	1	0	0	2042	2042	55384	2.0A	True
20042	39158	2	1	1	0	0	2546	2546	55306	2.0A	True
20046	39169	12	1	1	0	0	2861	2861	55200	2.0A	True
20067	39246	10	1	1	0	0	2008	2008	55304	2.0A	True
20069	39249	5	1	1	0	0	3840	3840	55599	2.0A	True
20100	39329	20	1	1	0	0	6639	6639	55450	2.0DHA	True
20139	39390	4	1	1	0	0	1800	1800	55549	2.0A	True
20149	39418	20	1	1	0	0	2240	2240	65369	2.0A	True
20152	39427	10	0	0	0	0	None	None	None	None	True
20176	39480	12	1	1	0	0	2400	2400	55678	2.0A	True
20177	39481	4	1	1	0	0	1000	1000	55676	2.0A	True
20189	39507	1	1	1	0	0	3000	3000	55738	2.0A	True
20207	39551	1	1	1	0	0	1400	1400	55788	2.0A	True
20213	39557	3	1	1	0	0	500	500	55800	2.0A	True
20216	39568	10	3	1	0	2	4902	1922	55822,61482,55824	2.0A,2.0DHA,2.0DHA	True
20222	39582	5	0	0	0	0	None	None	None	None	True
20225	39591	1	1	1	0	0	2400	2400	55850	2.0A	True
20231	39603	11	1	1	0	0	3149	3149	56780	2.0A	True
20252	39655	3	1	1	0	0	4507	4507	55948	2.0A	True
20261	39673	12	1	1	0	0	3100	3100	55984	2.0A	True
20291	39732	4	5	2	0	3	9070	2400	67309,72976,67546,66041,69609	2.0A,2.0A,2.0A,2.0A,2.0A	True
20310	39795	9	1	1	0	0	2356	2356	64595	2.0A	True
20341	39856	10	1	1	0	0	9480	9480	24581	2.1DHA	True
20351	39874	9	1	1	0	0	2400	2400	56419	2.0A	True
20352	39876	12	1	1	0	0	2200	2200	56329	2.0A	True
20360	39892	6	2	1	0	1	5420	3170	56365,64324	2.0A,2.0A	True
20385	39948	5	1	1	0	0	3500	3500	56457	2.0A	True
20398	39976	10	1	1	0	0	2168	2168	56893	2.0A	True
20409	40002	2	1	1	0	0	2400	2400	56603	2.0A	True
20414	40019	5	1	1	0	0	908	908	56575	2.0A	True
20471	40155	10	0	0	0	0	None	None	None	None	True
20531	40300	12	2	1	0	1	7602	4500	70717,57027	2.0A,2.0A	True
20572	40371	9	1	1	0	0	2100	2100	57125	2.0A	True
20597	40412	5	1	1	0	0	1307	1307	57265	2.0A	True
20604	40421	10	1	0	0	1	3713	3713	57257	2.0A	True
20627	40464	1	0	0	0	0	None	None	None	None	True
20644	40506	4	1	1	0	0	1800	1800	62338	2.0A	True
20673	40574	6	2	1	0	1	2082	1800	59671,74500	2.0A,2.0A	True
20714	40655	1	0	0	0	0	None	None	None	None	True
20723	40672	10	1	1	0	0	2880	2880	57590	2.0A	True
20739	40703	5	1	0	0	1	3546	3546	63467	2.0A	True
20747	40719	3	1	1	0	0	2400	2400	57682	2.0A	True
20770	40783	25	1	1	0	0	8668	8668	57746	2.0DHA	True
20793	40835	1	1	1	0	0	168	168	58020	2.0A	True
20871	41018	3	1	1	0	0	911	911	58129	2.0A	True
20935	41138	5	1	1	0	0	35000	35000	58392	2.0A	True
20965	41188	15	1	1	0	0	1944	1944	58446	2.1A	True
21046	41408	15	1	1	0	0	2400	2400	61414	2.0A	True
21066	41448	2	1	1	0	0	1800	1800	58828	2.0A	True
21079	41478	3	8	3	0	5	13595	3365	58882,61871,61799,61877,58884,61869,61873,58888	2.0A,2.0A,2.0A,2.0A,2.0A,2.0A,2.0A,2.0DHA	True
21114	41543	15	1	1	0	0	2880	2880	59048	2.0A	True
21122	41556	2	1	1	0	0	4564	4564	59765	2.0A	True
21176	41638	2	0	0	0	0	None	None	None	None	True
21276	41794	12	2	1	0	1	5280	2880	59970,59338	2.0DHA,2.0DHA	True
21286	41818	3	1	1	0	0	1800	1800	60426	2.0A	True
21322	41895	1	2	2	0	0	4000	2500	59497,59505	2.0A,2.0A	True
21362	42009	3	1	0	0	1	2880	2880	59787	2.0A	True
21376	42023	1	2	1	0	1	2288	1800	59854,59850	2.0A,2.0A	True
21396	42071	1	3	3	0	0	5062	2880	65393,59824,59828	2.0A,2.0A,2.0A	True
21438	42153	2	1	1	0	0	2400	2400	59905	2.0A	True
21511	42305	10	2	1	0	1	2214	1464	60193,60408	2.0A,2.0DHA	True
21521	42329	1	1	1	0	0	2400	2400	60205	2.0A	True
21574	42473	1	1	1	0	0	2400	2400	61657	2.0A	True
21624	42613	10	1	1	0	0	2165	2165	60608	2.0A	True
21683	42745	10	1	1	0	0	1962	1962	60820	2.0A	True
21712	42805	10	1	1	0	0	3400	3400	64205	2.0A	True
21786	43034	9	1	1	0	0	2880	2880	61273	2.0A	True
21797	43068	7	1	1	0	0	1800	1800	61284	2.0A	True
21812	43123	10	1	1	0	0	2600	2600	61346	2.0A	True
21820	43146	4	1	1	0	0	2400	2400	61398	2.0A	True
21866	43316	10	1	1	0	0	2588	2588	61614	2.0A	True
21878	43338	9	2	1	0	1	3600	1800	61653,67303	2.0A,2.0A	True
22008	43655	1	1	1	0	0	2120	2120	62102	2.0A	True
22129	43981	2	1	1	0	0	1200	1200	62606	2.0DHA	True
22205	44194	2	1	1	0	0	3902	3902	62930	2.0A	True
22339	44522	1	1	1	0	0	740	740	63415	2.0A	True
22340	44523	10	2	2	0	0	7337	5280	63417,63715	2.0DHA,2.0DHA	True
22412	44716	2	1	1	0	0	4000	4000	63672	2.0A	True
22513	45041	6	1	0	0	1	6116	6116	64123	2.0A	True
22744	45644	10	1	1	0	0	2140	2140	65117	2.0A	True
22799	45782	1	0	0	0	0	None	None	None	None	True
22807	45801	6	1	1	0	0	1500	1500	65236	2.0DHA	True
22950	46147	10	1	1	0	0	2500	2500	65785	2.0A	True
22962	46173	13	1	1	0	0	2400	2400	69047	2.0A	True
23002	46283	5	1	1	0	0	868	868	66257	2.0A	True
23041	46356	12	1	1	0	0	2880	2880	66860	2.0A	True
23206	46830	11	3	0	0	3	4094	3092	67315,67317,66884	2.0DHA,2.0A,2.0DHA	True
23291	47069	14	1	1	0	0	3560	3560	67155	2.0A	True
23297	47119	2	1	1	0	0	3840	3840	67217	2.0A	True
23390	47435	6	1	1	0	0	1800	1800	70306	2.0DHA	True
23483	47725	12	0	0	0	0	None	None	None	None	True
23530	47825	5	1	1	0	0	1800	1800	68217	2.0A	True
23629	48049	8	1	1	0	0	2400	2400	68526	2.0A	True
23669	48177	5	0	0	0	0	None	None	None	None	True
23680	48203	3	0	0	0	0	None	None	None	None	True
23722	48310	1	1	1	0	0	2880	2880	70859	2.0A	True
23853	48668	2	1	1	0	0	2599	2599	69668	2.0A	True
24017	49122	1	1	1	0	0	2880	2880	70264	2.0DHA	True
24107	49370	12	0	0	0	0	None	None	None	None	True
24137	49455	5	1	1	0	0	2880	2880	70694	2.0A	True
24151	49488	9	1	1	0	0	2400	2400	70745	2.0A	True
24182	49575	1	1	1	0	0	2597	2597	70863	2.0A	True
24187	49593	5	2	2	0	0	4055	2400	70930,70936	2.0A,2.0A	True
24308	49933	7	1	1	0	0	1800	1800	71421	2.0A	True
24421	50202	9	1	1	0	0	1800	1800	71931	2.0A	True
24635	50773	20	3	2	0	1	8040	3840	72781,72766,72785	2.0A,2.0A,2.0A	True
24686	50926	5	1	1	0	0	2400	2400	73020	2.0A	True
24904	51537	1	1	1	0	0	1754	1754	73969	2.0A	True
24967	51735	1	1	0	0	1	3840	3840	74312	2.0DHA	True
25130	52137	8	0	0	0	0	None	None	None	None	True
25140	52160	11	1	1	0	0	2173	2173	74992	2.0A	True
25185	52272	10	0	0	0	0	None	None	None	None	True
25241	52406	20	0	0	0	0	None	None	None	None	True
